Symbol,Price,Price/Earnings,Dividend Yield,Earnings/Share,52 Week High,52 Week Low,Market Cap,EBITDA,Price/Sales,Price/Book,outstandingshares,netIncome,Revenue,Earnings,Book Value,Stackholder Equity,ROE(retuen on Equity),payout ratio,BVPS(book,Profit 
A,65.05,27.45,0.8756979,2.1,75,49.23,21984606918,1094000000,6.493563,4.56,337964748.9,709725972.8,3385600004,800896426.9,14.26535088,4821185728,0.147209839,1.0934E-09,14.26535088,709725973
AAL,48.6,9.92,0.7782101,3.91,59.08,39.21,24594852352,5761000000,0.58022565,6.03,506066920.8,1978721660,42388426558,2479319794,8.059701493,4078748317,0.48512963,3.1388E-10,8.059701493,1978721660
AAP,109.63,19.54,0.21832074,6.19,169.55,78.81,8123611867,853941000,1.1301061,2.51,74100263.31,458680629.9,7188362108,415742674.9,43.67729084,3236498752,0.141721244,5.25134E-10,43.67729084,458680630
AAPL,155.15,16.86,1.5795412,9.2,180.1,131.12,8.10E+11,79386000000,3.4586093,5.66,5220754109,48030937802,2.34E+11,48042704626,27.41166078,1.43E+11,0.33562359,3.28779E-11,27.41166078,48030937803
ABBV,108.48,19.41,2.4995599,3.29,125.86,60.05,1.81E+11,10310000000,6.291571,26.14,1668510324,5489398968,28768649356,9325090160,4.149961744,6924254017,0.792778392,2.68047E-10,4.149961744,5489398966
ABC,91.55,15.54,1.6132456,1.64,106.27,71.9,20587704101,991884000,0.17396984,9.73,224879345.7,368802127,1.18E+11,1324820084,9.409044193,2115899702,0.174300382,1.21771E-09,9.409044193,368802127
ABT,56.27,22.51,1.9089824,0.26,64.6,42.28,1.02E+11,5744000000,3.7404804,3.19,1812688822,471299093.7,27269224563,4531319414,17.63949843,31974921630,0.014739648,4.21286E-10,17.63949843,471299094
ACN,150.51,25.47,1.7144699,5.44,162.6,114.82,98765855553,5643228000,2.604117,10.62,656207930.1,3569771140,37926811873,3877732845,14.17231638,9299986399,0.38384692,4.42132E-10,14.17231638,3569771140
ADBE,185.16,52.31,0,3.39,204.45,114.451,94550214268,2538040000,13.092818,11.06,510640604.2,1731071648,7221532772,1807497883,16.74141049,8548843966,0.202491899,0,16.74141049,1731071648
ADI,82.68,17.67,2.108963,2.11,98.38,74.65,31811578855,1663384000,8.00391,3.13,384755428.8,811833954.8,3974504818,1800315725,26.41533546,10163443724,0.079877842,1.17144E-09,26.41533546,811833955
ADM,41.35,17.45,3.1761081,2.17,47.44,38.59,23594770663,2927000000,0.52478915,1.29,570611140.6,1238226175,44960477295,1352135855,32.05426357,18290519894,0.067697703,2.34896E-09,32.05426357,1238226175
ADP,108.25,29.34,2.2190912,3.85,125.24,95.5,50337702249,2767400000,4.0483294,12.86,465013415.7,1790301650,12434191311,1715668107,8.417573872,3914284778,0.457376443,1.29343E-09,8.417573872,1790301650
ADS,240.6,13.02,0.9240122,14.13,278.33,209,13632608582,2143200000,1.7282298,8.28,56660883.55,800618284.6,7888192058,1047051350,29.05797101,1646450312,0.486269327,8.8249E-10,29.05797101,800618285
ADSK,104.81,-77.07,0,-2.61,131.1,81.75,24348294504,-378100000,16.50682,224.13,232308887.5,-606326196.5,1475044527,-315924412.9,0.467630393,108634696.4,-5.58133098,0,0.467630393,-606326196
AEE,52.59,20.38,3.4404964,2.68,64.89,51.81,12905744906,2298000000,2.693119,1.79,245403021.6,657680097.9,4792118323,633255392.8,29.37988827,7209913355,0.091218863,5.43303E-09,29.37988827,657680098
AEP,63.38,17.32,3.8479443,1.24,78.07,62.69,31701916517,4450800000,2.7489934,1.81,500188017,620233141.1,11532190844,1830364695,35.01657459,17514871004,0.035411802,2.10228E-09,35.01657459,620233141
AES,10.06,9.96,4.961832,-1.72,12.05,10,6920851212,3001000000,0.65951383,2.2,687957376.9,-1183286688,10493868206,694864579.5,4.572727273,3145841460,-0.376143141,7.14072E-09,4.572727273,-1183286688
AET,178,18.11,1.101989,5.75,194.4,119.51,59197016353,4139000000,0.9923546,3.79,332567507.6,1912263169,59653088073,3268747452,46.96569921,15619265528,0.122429775,3.37129E-10,46.96569921,1912263169
AFL,83.25,12.24,2.4299066,11.01,91.73,68.8,33422948000,0,1.5429344,1.53,401476852.9,4420260150,21661937150,2730633007,54.41176471,21845064052,0.202345946,8.89869E-10,54.41176471,4420260150
AGN,164.2,10.65,1.643289,38.35,256.8,160.07,56668833898,-2888100000,4.820115,0.83,345120791.1,13235382339,11756738978,5321017267,197.8313253,68275703492,0.19385201,3.0883E-10,197.8313253,13235382339
AIG,58.28,23.22,2.1167521,-0.76,67.3,57.85,54360073164,0,1.4686536,0.75,932739759.2,-708882217,37013542992,2341088422,77.70666667,72480097552,-0.009780371,9.04174E-10,77.70666667,-708882217
AIV,38.21,15.6,3.876562,1.95,46.855,38.85,6156884142,874871000,6.187621,4.69,161132796.2,314208952.5,995032524.1,394672060.4,8.147121535,1312768474,0.239348338,9.82224E-09,8.147121535,314208953
AIZ,85.16,33.27,2.5313594,9.08,106.985,85.91,4653993594,0,0.9821866,1.12,54649995.23,496221956.7,4738400620,139885590.4,76.03571429,4155351423,0.119417567,1.80959E-08,76.03571429,496221957
AJG,64.4,21.05,2.4807138,2.54,70.55,53.63,11968488290,888000000,1.9400215,2.92,185846091.5,472049072.3,6169255490,568574265.6,22.05479452,4098797360,0.115167702,4.36304E-09,22.05479452,472049072
AKAM,62.49,32.55,0,1.79,69.56,44.65,10906904066,789517000,5.8546524,3.25,174538391.2,312423720.2,1862946478,335081538.1,19.22769231,3355970482,0.093094895,0,19.22769231,312423720
ALB,105.18,26.03,1.2004126,5.66,144.99,90.35,11782151266,686030000,5.3666205,2.98,112018932,634027155,2195450799,452637390.2,35.29530201,3953742036,0.160361285,2.65204E-09,35.29530201,634027155
ALGN,220.71,56.59,0,2.84,287.32,92.61,18788041378,380326000,13.138819,16.44,85125464.99,241756320.6,1429964244,332002851.7,13.42518248,1142824901,0.211542748,0,13.42518248,241756321
ALK,64.04,9.66,1.9928383,8.28,101.43,59.25,7903173734,1665000000,0.9801092,2.21,123409958.4,1021834455,8063564482,818133926.9,28.97737557,3576096712,0.285740162,2.43583E-09,28.97737557,1021834456
ALL,90.06,13.26,1.5278208,4.68,105.36,77.73,34759468905,0,1.2085556,1.67,385959015.2,1806288191,28761166557,2621377745,53.92814371,20814053237,0.086782145,5.82831E-10,53.92814371,1806288191
ALLE,77.32,21.07,0.8004002,2.37,89.81,66.72,7599609494,531800000,4.265232,20.48,98287758.59,232941987.9,1781757591,360683886.8,3.775390625,371074682.3,0.627749612,2.21912E-09,3.775390625,232941988
ALXN,108.47,22.18,0,1.77,149.34,96.18,26172439795,1072000000,9.720562,2.82,241287358.7,427078624.8,2692482163,1180001794,38.46453901,9281007020,0.04601641,0,38.46453901,427078625
AMAT,45.75,14.08,0.8215239,3.17,60.89,34.58,51296481503,4336000000,4.7020154,5.44,1121234568,3554313582,10909466928,3643216016,8.409926471,9429500276,0.376935519,2.25494E-10,8.409926471,3554313581
AMD,11.22,187,0,0.03,15.65,9.7,11191663795,339000000,2.1091955,21.47,997474491.5,29924234.75,5306129183,59848469.49,0.52258966,521269855.4,0.057406417,0,0.52258966,29924235
AME,72.05,27.61,0.75512403,2.94,78.51,51.31,17139651923,1025763000,4.015368,4.54,237885522.9,699383437.2,4268513352,620776962.1,15.87004405,3775253728,0.185254684,1.21642E-09,15.87004405,699383437
AMG,179.11,12.24,0.6387395,12.07,216.995,148.81,10442174371,1261400000,4.591235,2.89,58300342.64,703685135.7,2274371573,853118821.2,61.97577855,3613209125,0.194753503,7.48711E-10,61.97577855,703685136
AMGN,173.12,13.76,2.9751508,2.57,201.23,152.16,1.28E+11,11945000000,5.58192,3.91,739371534.2,1900184843,22931177803,9302325581,44.27621483,32736572890,0.058044709,3.19829E-10,44.27621483,1900184843
AMP,152.5,12.41,2.0735743,9.44,183.9,118.84,23472126000,0,1.9493247,3.73,153915580.3,1452963078,12041157638,1891388074,40.8847185,6292795174,0.230893115,1.09632E-09,40.8847185,1452963078
AMT,133.57,20.68,2,1.97,155.28,103.36,59213892640,3792383000,11.954137,9.22,443317306.6,873335094,4953422622,2863341037,14.48698482,6422331089,0.135984128,6.98485E-10,14.48698482,873335094
AMZN,1350.5,296.16,0,6.16,1498,812.5,6.86E+11,16132000000,3.927053,24.28,507960014.8,3129033691,1.75E+11,2316315505,55.62191104,28253706755,0.110747723,0,55.62191104,3129033691
ANDV,96.9,18.78,2.3454583,6.13,121.71,75.11,15696449735,2548000000,0.6618165,1.7,161986065.4,992974580.8,23717223332,835806695.2,57,9233205726,0.10754386,2.80622E-09,57,992974581
ANSS,148.84,42.53,0,2.99,164.9,94.52,13155919129,458515000,16.8134,5.79,88389674.34,264285126.3,782466314.3,309332685.8,25.70639033,2272179470,0.116313491,0,25.70639033,264285126
ANTM,230.57,19.23,1.2581781,14.36,267.95,156.81,61221978627,0,0.6696521,2.28,265524476.8,3812931488,91423559527,3183670235,101.127193,26851745012,0.141999393,3.95197E-10,101.127193,3812931487
AON,136.05,20.8,1.0245464,4.66,152.78,113.2201,35123123422,1858000000,3.4972682,6.78,258163347.5,1203041199,10043016839,1688611703,20.06637168,5180401685,0.232229327,6.06739E-10,20.06637168,1203041199
AOS,60.24,27.76,1.1479592,1.7,68.39,48.925,10783419933,601000000,3.5754826,6.35,179007635,304312979.5,3015934110,388451726.7,9.486614173,1698176367,0.179199867,2.95522E-09,9.486614173,304312980
APA,37.73,-251.53,2.528445,-3.72,57.9,38.14,15066280977,3265000000,3.651366,2.22,399318340.2,-1485464226,4126203995,-59898544.81,16.9954955,6786613053,-0.218881527,-4.22121E-08,16.9954955,-1485464226
APC,56.2,-21.29,1.7029973,-5.9,70,39.96,32129091747,3115000000,3.9682212,2.88,571692024,-3372982941,8096597979,-1509116569,19.51388889,11155934634,-0.302348754,-1.12847E-09,19.51388889,-3372982942
APD,152.8,24.22,2.7811136,13.66,175.17,133.6301,34638387128,2542500000,4.1163683,3.35,226691015.2,3096599268,8414792993,1430156364,45.6119403,10339817053,0.299482984,1.94462E-09,45.6119403,3096599268
APH,84.44,25.9,0.8608971,2.05,93.62,67.26,26955335395,1671700000,3.85675,6.64,319224720.5,654410676.9,6989132144,1040746540,12.71686747,4059538463,0.161203221,8.27192E-10,12.71686747,654410677
APTV,89.27,69.74,0.9392678,5.05,96.91,82.97,24906530300,2370000000,1.5025798,7.56,279002243.8,1408961331,16575845290,357134073.7,11.80820106,3294514590,0.42766887,2.63001E-09,11.80820106,1408961331
ARE,114.58,19.03,3.0262272,1.57,134.37,106.89,12043374429,0,10.492155,2.07,105108870.9,165020927.3,1147845646,632862555.4,55.352657,5818055280,0.028363589,4.78181E-09,55.352657,165020927
ARNC,24.45,20.21,0.9561753,-0.21,31.17,21.755,12123300000,1517000000,0.94214815,3.25,495840490.8,-104126503.1,12867721494,599866402.8,7.523076923,3730246154,-0.02791411,1.59398E-09,7.523076923,-104126503
ATVI,65.83,31.8,0.43190324,1.28,74.945,38.93,52518668144,2704000000,10.59512,5.16,797792315.7,1021174164,4956873367,1651530445,12.75775194,10178036462,0.100331156,2.61517E-10,12.75775194,1021174164
AVB,154.94,17.97,3.7149355,6.36,199.52,156.01,21856547430,1331579000,10.251216,2.12,141064589.1,897170786.5,2132093152,1216279768,73.08490566,10309692184,0.087022073,3.05434E-09,73.08490566,897170787
AVGO,229.57,15.94,2.9488583,4.01,285.68,202.61,92791974933,7016000000,6.961893,4.4,404199045.8,1620838173,13328555169,5821328415,52.175,21089085212,0.076856732,5.06561E-10,52.175,1620838174
AVY,110.77,22.11,1.5682175,3.11,123.67,78.471,10104814319,831200000,1.5206499,8.83,91223384.66,283704726.3,6645062956,457024618.7,12.54473386,1144373083,0.247912792,3.43136E-09,12.54473386,283704726
AWK,76.06,26.23,2.129297,2.63,92.37,71.89,13906146184,1711000000,5.553833,2.55,182831267.2,480846232.8,2503882667,530161882.7,29.82745098,5453390660,0.08817381,4.01631E-09,29.82745098,480846233
AXP,88.34,15,1.4955667,2.9,102.385,75.51,80410990000,0,2.273575,3.75,910244396.6,2639708750,35367643469,5360732667,23.55733333,21442930667,0.123103917,2.78986E-10,23.55733333,2639708750
AYI,145.41,18.22,0.35118526,7.43,225.36,142,6242377704,587800000,1.7953473,3.55,42929493.87,318966139.5,3476975014,342611290,40.96056338,1758416255,0.181393989,1.02503E-09,40.96056338,318966139
AZO,718.57,16.31,0,44.09,797.89,491.13,19922021415,2347304000,1.8510429,136.23,27724538.2,1222374889,10762593031,1221460540,5.274682522,146238137.1,8.358796916,0,5.274682522,1222374889
BA,329.66,27.29,1.9648397,13.47,361.45,163.69,2.06E+11,12476000000,2.1560605,182.86,624886246.4,8417217739,95544628734,7548552583,1.802799956,1126544898,7.471710854,2.60294E-10,1.802799956,8417217739
BAC,29.74,16.34,1.536,1.55,32.67,22.07,3.21E+11,0,3.2011874,1.24,10793544048,16729993275,1.00E+11,19645042840,23.98387097,2.59E+11,0.064626765,7.81877E-11,23.98387097,16729993274
BAX,62.56,25.12,0.97635394,1.29,72.58,48.15,35713732553,1832000000,3.4394414,3.77,570871684,736424472.4,10383585123,1421725022,16.59416446,9473138608,0.077738171,6.86739E-10,16.59416446,736424472
BBT,51.07,16.26,2.4526198,2.74,55.99,41.17,42087562920,0,3.4552107,1.55,824115193.3,2258075630,12180896210,2588411004,32.9483871,27153266400,0.083160368,9.47539E-10,32.9483871,2258075630
BBY,68.79,19.22,1.9085041,3.81,78.59,41.67,20831186176,2555000000,0.76715523,4.79,302822883.8,1153755187,27153808462,1083828625,14.3611691,4348890642,0.265298735,1.76089E-09,14.3611691,1153755187
BDX,211.44,22.28,1.3518385,4.65,248.3888,175.66,50910180308,1537000000,5.6912947,3.98,240778378.3,1119619459,8945272208,2285017069,53.12562814,12791502590,0.087528377,5.9161E-10,53.12562814,1119619459
BEN,38,12.67,2.332657,3,47.65,37.01,21759187973,2711300000,3.399101,1.83,572610209.8,1717830629,6401453788,1717378688,20.76502732,11890266652,0.144473684,1.35827E-09,20.76502732,1717830629
BF.B,63.33,37.04,1.1216964,1.7,69.9028,45.415,5498033502,1139000000,1.8411398,12.36,86815624.54,147586561.7,2986211857,148435029.8,5.123786408,444824717,0.331785883,7.55682E-09,5.123786408,147586562
BHF,55.44,22.63,0,-24.62,75,52.751,7066613254,0,1.4188358,0.51,127464164,-3138167718,4980571574,312267488,108.7058824,13856104420,-0.226482684,0,108.7058824,-3138167718
BHGE,27.5,305.56,2.4991322,-0.31,57.73,28.03,32995712852,285000000,1.9390045,2.25,1199844104,-371951672.1,17016831499,107984398.7,12.22222222,14664761268,-0.025363636,2.31435E-08,12.22222222,-371951672
BIIB,311.79,14.3,0,11.94,370.57,244.28,69157726427,6511400000,5.737439,5.51,221808673.9,2648395566,12053762389,4836204645,56.5862069,12551311511,0.211005484,0,56.5862069,2648395566
BK,53.29,14.76,1.7347307,3.73,58.99,44.91,56083904906,0,3.3834257,1.49,1052428315,3925557615,16576071083,3799722555,35.76510067,37640204635,0.104291612,4.56541E-10,35.76510067,3925557615
BLK,509.38,22.49,2.1643558,30.3,594.52,368,85907759858,5684000000,6.9158196,2.95,168651615.4,5110143947,12421920297,3819820358,172.6711864,29121274528,0.175478032,5.66612E-10,172.6711864,5110143947
BLL,38.44,20.56,1.0170354,0.85,43.24,35.6,13767688518,1317000000,1.5696399,3.62,358160471.3,304436400.6,8771240154,669634655.5,10.61878453,3803228872,0.080046826,1.51879E-09,10.61878453,304436401
BMY,62.69,20.83,2.5546863,2.65,66.1,51.12,1.03E+11,5170000000,6.503231,6.75,1643005264,4353963950,15838281002,4944791167,9.287407407,15259259259,0.285332589,5.16642E-10,9.287407407,4353963950
BRK.B,191.42,30.43,0,9.76,217.62,160.93,2.61E+11,0,1.4328232,1.58,1363493888,13307700345,1.82E+11,8577062110,121.1518987,1.65E+11,0.080560025,0,121.1518987,13307700347
BSX,25.2,20,0,0.07,29.93,23.29,36142506007,1726000000,4.055685,4.78,1434226429,100395850,8911566359,1807125300,5.271966527,7561193725,0.013277778,0,5.271966527,100395850
BWA,51.94,14.15,1.2363636,0.55,58.22,37.54,11596117445,867900000,1.5831376,2.89,223259866.1,122792926.4,7324769145,819513600.4,17.97231834,4012497386,0.030602618,1.50866E-09,17.97231834,122792926
BXP,112.09,18.05,2.7744062,2.93,140.13,111.87,17799878487,1546846000,6.839459,3.15,158799879.4,465283646.8,2602527259,986142852.5,35.58412698,5650755075,0.082340084,2.81339E-09,35.58412698,465283647
C,71.87,13.48,1.7068943,-3.1,80.7,56.14,1.93E+11,0,2.1857586,0.9,2685404202,-8324753026,88298863379,14317507418,79.85555556,2.14E+11,-0.038820092,1.19217E-10,79.85555556,-8324753026
CA,32.66,14.32,3,1.85,36.56,30.45,14175422936,1613000000,3.3742425,2.44,434030096,802955677.6,4201068221,989903836.3,13.3852459,5809599564,0.13821188,3.0306E-09,13.3852459,802955678
CAG,35.49,18.2,2.3683476,1.46,41.68,32.16,14379717835,1281200000,1.8294994,3.86,405176608.5,591557848.4,7859919405,790094386.5,9.194300518,3725315501,0.158794026,2.99755E-09,9.194300518,591557848
CAH,66.63,12.29,2.8394227,4.04,84.88,54.66,20493281175,1913000000,0.21131156,3.03,307568380.2,1242576256,96981353860,1667476092,21.99009901,6763459134,0.183719045,1.70283E-09,21.99009901,1242576256
CAT,145.99,21.22,2.0215108,1.26,173.24,90.34,91822049046,8136000000,2.0468428,5.75,628961223.7,792491141.8,44860332726,4327146515,25.38956522,15969052008,0.049626687,4.67169E-10,25.38956522,792491142
CB,140.39,17.5,1.9251627,8.2,157.5,130.17,68424670566,0,2.0985637,1.35,487389917.8,3996597326,32605477054,3909981175,103.9925926,50684941160,0.07885177,4.92371E-10,103.9925926,3996597326
CBG,41.92,15.82,0,1.69,46.6,30.43,14440591731,1652961000,1.4622321,3.74,344479764.6,582170802.1,9875717905,912806051.3,11.20855615,3861120784,0.150777672,0,11.20855615,582170802
CBOE,111.15,35.06,0.9426963,2.27,138.54,76.75,12998295607,488406000,8.249042,5.15,116943730.2,265462267.5,1575733959,370744312.8,21.58252427,2523940895,0.105177688,2.54271E-09,21.58252427,265462268
CBS,51.8,12.05,1.3473054,2.81,70.095,52.75,20431395736,2841000000,2.1055017,6.91,394428489.1,1108344054,9703813460,1695551513,7.496382055,2956786648,0.37484749,7.94612E-10,7.496382055,1108344054
CCI,103.81,21.45,3.862069,1.02,114.97,86.93,44183023189,2292600000,10.125291,3.54,425614326.1,434126612.6,4363629963,2059814601,29.32485876,12481079997,0.034782776,1.87496E-09,29.32485876,434126613
CCL,66.76,17.48,2.6041667,3.58,72.7,54.75,49180044050,4711000000,2.8147783,2,736669323.7,2637276179,17472084409,2813503664,33.38,24590022025,0.10724985,9.25596E-10,33.38,2637276179
CDNS,36.82,34.09,0,0.74,46,29.01,10890625200,455607000,5.751737,10.98,295780152.1,218877312.5,1893449787,319466858.3,3.353369763,991860218.6,0.220673547,0,3.353369763,218877313
CELG,91.02,13.27,0,3.58,147.17,92.85,74921079154,5233000000,5.830071,7.49,823127655,2946797005,12850800471,5645898957,12.15220294,10002814306,0.294596792,0,12.15220294,2946797005
CERN,61.22,27.09,0,1.84,73.86,51.2617,21101697598,1523440000,5.5560412,4.62,344686337.8,634222861.5,3797973564,778947862.6,13.25108225,4567467013,0.138856583,0,13.25108225,634222862
CF,37.46,-59.46,3.0395136,-1.2,43.98,25.04,9209106695,711000000,3.0044448,2.81,245838406.2,-295006087.4,3065160889,-154879022.8,13.33096085,3277262169,-0.090016017,-1.96251E-08,13.33096085,-295006087
CFG,42.19,16.04,1.9625335,3.27,48.23,31.51,22008050974,0,3.3917346,1.08,521641407.3,1705767402,6488730272,1372073003,39.06481481,20377824976,0.08370704,1.43034E-09,39.06481481,1705767402
CHD,47.38,24.42,1.8366054,2.92,54.1799,43.21,11838963451,868000000,3.1682448,6.28,249872592.9,729627971.2,3736757794,484806038.1,7.544585987,1885185263,0.387032503,3.78833E-09,7.544585987,729627971
CHK,2.82,4.7,0,-6.44,6.59,2.8,2626102121,1470000000,0.40765184,1.84,931241886.9,-5997197752,6442021998,558745132.1,1.532608696,1427229414,-4.201985816,0,1.532608696,-5997197752
CHRW,90.47,26,1.987685,3.57,100.18,63.41,12932483889,868096000,0.85282737,9.31,142947760.5,510323504.8,15164245830,497403226.5,9.717508056,1389096014,0.367378136,3.99612E-09,9.717508056,510323505
CHTR,348.65,162.92,0,34.08,408.83,308.3,86708878113,14694000000,2.1208634,2.27,248698919,8475659160,40883763713,532217518.5,153.5903084,38197743662,0.221889,0,153.5903084,8475659160
CI,189.27,18.11,0.020466639,7.2,227.13,141.93,47680910480,0,1.550762,3.39,251920063.8,1813824460,30746762224,2632849833,55.83185841,14065165333,0.128958631,7.77357E-12,55.83185841,1813824459
CINF,70.34,27.48,2.918904,3.55,81.98,68.24,11916533018,0,2.756679,1.6,169413321.3,601417290.5,4322785866,433643850.7,43.9625,7447833136,0.08075064,6.73111E-09,43.9625,601417291
CL,68.95,24.02,2.2801766,2.28,77.91,66.26,61616643498,4064000000,4.000737,236.42,893642400.3,2037504673,15401323181,2565222460,0.291641993,260623650.7,7.817804206,8.88881E-10,0.291641993,2037504673
CLX,127.76,23.44,2.6286967,5.33,150.4,124.09,16540418002,1295000000,2.798683,21.62,129464762.1,690047181.8,5910071988,705649232.2,5.909343201,765051711.5,0.90196149,3.72522E-09,5.909343201,690047182
CMA,89.18,18.89,1.2823253,4.13,98.18,64.04,16274969256,0,4.905472,1.96,182495730.6,753707367.4,3317717287,861565339.1,45.5,8303555743,0.090769231,1.48837E-09,45.5,753707367
CMCSA,38.19,18.54,1.8929017,4.74,44,34.78,1.86E+11,28675000000,2.1797748,2.65,4870384918,23085624509,85329915733,10032362460,14.41132075,70188679245,0.328908091,1.8868E-10,14.41132075,23085624511
CME,153.04,32.15,3.6828613,11.94,163,114.8176,54423298745,2851800000,14.881806,2.51,355614863.7,4246041473,3657035896,1692793118,60.97211155,21682589141,0.195827235,2.17561E-09,60.97211155,4246041473
CMG,266.01,45.86,0,0.8,499,263,7685283970,401293000,2.5523853,6.11,28890958.87,23112767.1,3011020307,167581421.1,43.53682488,1257820617,0.018375249,0,43.53682488,23112767
CMI,165.73,16.83,2.5008683,8.23,194.18,143.8301,28669230787,2924000000,1.9406168,3.89,172987574.9,1423687741,14773257032,1703459940,42.60411311,7369982207,0.193173837,1.46811E-09,42.60411311,1423687741
CMS,41.77,21.42,3.3918407,1.99,50.85,41.07,11873960824,2099000000,2.4711676,2.65,284270070,565697439.3,4805000205,554339907.7,15.76226415,4480739934,0.126250898,6.1187E-09,15.76226415,565697439
CNC,100.36,19.12,0,3.23,112.42,65.03,18012494506,2063000000,0.5028663,2.58,179478821.3,579716592.8,35819649290,942076072.5,38.89922481,6981587018,0.083035074,0,38.89922481,579716593
CNP,25.85,19.73,4.2109256,1,30.45,25.51,11362043297,2337000000,1.6262617,3.21,439537458.3,439537458.3,6986602032,575876497.6,8.052959502,3539577351,0.12417795,7.3122E-09,8.052959502,439537458
COF,91.8,11.85,1.6306564,3.45,106.5,76.05,47637260000,0,1.5931405,0.94,518924400.9,1790289183,29901480755,4020021941,97.65957447,50677936170,0.035326797,4.05634E-10,97.65957447,1790289183
COG,23.01,60.55,1.0269576,-0.92,29.57,21.4,10808821635,404951000,8.636729,4.21,469744530,-432164967.6,1251494823,178510679.4,5.465558195,2567416065,-0.168326814,5.75292E-09,5.465558195,-432164968
COL,133.31,22.29,0.9748892,4.8,139.63,89.9,22197870556,1696000000,3.781273,3.46,166513169,799263211.1,5870475513,995866781.3,38.52890173,6415569525,0.124581802,9.78935E-10,38.52890173,799263211
COO,223.17,22.96,0.026033757,7.52,256.39,187.02,11297958140,615700000,6.8538465,3.57,50624896.45,380699221.3,1648411318,492071347.6,62.51260504,3164694157,0.120295739,5.29065E-11,62.51260504,380699221
COP,53.24,72.93,2.049254,-0.65,61.315,42.265,65482462410,5328000000,2.0764177,2.16,1229948580,-799466577.1,31536266720,897881014.8,24.64814815,30315954819,-0.02637115,2.28232E-09,24.64814815,-799466577
COST,178.61,30.69,1.0917627,6.09,199.88,150,80439804508,5679000000,0.61203885,7.24,450365626.3,2742726664,1.31E+11,2621042832,24.6698895,11110470236,0.246859638,4.16538E-10,24.6698895,2742726664
COTY,19.96,24.64,2.860412,-0.63,21.175,14.24,13101112504,211400000,2.0061796,1.37,656368361.9,-413512068,6530378688,531700994.5,14.56934307,9562855842,-0.043241483,5.37974E-09,14.56934307,-413512068
CPB,44.83,14.84,3.125,2.89,64.23,43.5,13467193376,1683000000,2.3898203,7.91,300405830.4,868172849.8,5635232647,907492815.1,5.667509482,1702552892,0.509924158,3.44355E-09,5.667509482,868172850
CRM,104.03,520.15,0,0.27,114.52,79.63,79489115000,925804000,10.3738785,8.81,764098000.6,206306460.2,7662429727,152819600.1,11.80817253,9022601022,0.02286552,0,11.80817253,206306460
CSCO,38.77,17.87,2.8755577,1.91,42.98,30.36,1.99E+11,15447000000,5.484418,3.07,5132834666,9803714212,36284615797,11135982093,12.6286645,64820846906,0.151243229,2.58222E-10,12.6286645,9803714212
CSRA,30.85,15.12,1.275917,1.83,33.79,27.38,5134501276,543000000,1.3324839,11.37,166434401.2,304574954.1,3853330818,339583417.7,2.713280563,451583225.7,0.674460292,3.7573E-09,2.713280563,304574954
CSX,50.47,21.94,1.5102888,6.07,60.04,45.41,47340511707,5003000000,4.216355,4.27,937993099,5693618111,11227828707,2157726149,11.81967213,11086770892,0.513550624,6.99945E-10,11.81967213,5693618111
CTAS,149.32,32.75,1.0344827,4.38,169.96,113.79,16676145923,1097295000,2.7614057,6.53,111680591.5,489160990.8,6039006120,509195295.4,22.86676876,2553774261,0.191544334,2.0316E-09,22.86676876,489160991
CTL,16.2,8.35,12.661196,1.16,27.61,13.161,18237196861,5577000000,1.4795984,1.39,1125752893,1305873355,12325774927,2184095432,11.65467626,13120285512,0.099530864,5.797E-09,11.65467626,1305873356
CTSH,75.16,22.44,1.0454783,2.54,79.28,54.76,45119684067,2946000000,3.9678397,3.94,600315115.3,1524800393,11371347504,2010681108,19.07614213,11451696464,0.133150612,5.19962E-10,19.07614213,1524800393
CTXS,84.53,20.37,0,-0.24,95,73.3346,13199167493,810268000,4.7538714,6.73,156147728.5,-37475454.85,2776509161,647970912.8,12.56017831,1961243312,-0.019108009,0,12.56017831,-37475455
CVS,70.55,12.36,2.6899798,4.91,84,66.45,75323141722,11704000000,0.549852,2.13,1067656155,5242191720,1.37E+11,6094105317,33.12206573,35362977334,0.148239546,4.41407E-10,33.12206573,5242191721
CVX,112.3,27.52,3.885853,4.85,133.88,102.55,2.19E+11,28877000000,1.6489863,1.71,1950133571,9458147818,1.33E+11,7957848837,65.67251462,1.28E+11,0.073851291,4.88304E-10,65.67251462,9458147819
CXO,140.09,84.39,0,-11.04,162.91,106.73,22021882339,2151190000,12.271951,2.61,157198103.6,-1735467064,1794489103,260953695.2,53.6743295,8437502812,-0.205684917,0,53.6743295,-1735467064
D,73.31,20.42,4.5281997,4.91,85.3,71.59,47543571860,6428000000,3.7954214,2.96,648527784.2,3184271420,12526559465,2328284616,24.76689189,16062017520,0.198248534,1.94487E-09,24.76689189,3184271420
DAL,51.23,10.37,2.2655525,4.94,60.79,43.81,38393603535,8348000000,0.91792434,2.67,749435946.4,3702213575,41826544805,3702372568,19.18726592,14379626792,0.257462424,6.11919E-10,19.18726592,3702213575
DE,153.66,23.14,1.4866204,6.64,171.96,106.72,52186628646,4053300000,2.3746448,5.31,339624031.3,2255103568,21976604099,2255256208,28.93785311,9827990329,0.229457243,6.5918E-10,28.93785311,2255103568
DFS,72.4,12.13,1.8269607,5.41,81.93,57.5,27433540000,0,2.3610325,2.52,378916298.3,2049937174,11619297913,2261627370,28.73015873,10886325397,0.188303867,8.07808E-10,28.73015873,2049937174
DG,95.1,21.18,1.0625255,4.43,105.82,65.97,26580644874,2457604000,1.5283886,4.53,279502049.1,1238194078,17391287055,1254987954,20.99337748,5867692025,0.211018927,8.46642E-10,20.99337748,1238194078
DGX,96.42,17.07,1.9884669,5.5,112.965,90.1,13578300000,1453000000,1.7709883,2.82,140824517.7,774534847.5,7667074932,795448154.7,34.19148936,4815000000,0.160858743,2.49981E-09,34.19148936,774534847
DHI,44.55,16.32,1.0801469,2.73,53.32,29.3716,17390873686,1691000000,1.1931022,2.17,390367535,1065703371,14576181056,1065617260,20.52995392,8014227505,0.132976431,1.01363E-09,20.52995392,1065703371
DHR,92.16,22.87,0.5879265,3.53,104.82,78.97,66351150000,4339800000,3.688278,2.65,719956054.7,2541444873,17989736674,2901230870,34.77735849,25038169811,0.101502821,2.02647E-10,34.77735849,2541444873
DIS,101.35,17.78,1.6036655,5.7,116.1,96.2,1.58E+11,12544000000,3.9635563,3.82,1558954119,8886038481,39863190539,8886389201,26.53141361,41361256545,0.214839665,1.80463E-10,26.53141361,8886038478
DISCA,22.87,11,0,1.96,30.25,15.99,8763756733,2100000000,1.804088,1.5,383198807.7,751069663.2,4857721316,796705157.5,15.24666667,5842504489,0.128552689,0,15.24666667,751069663
DISCK,21.58,10.37,0,1.96,29.18,14.99,8320262123,2100000000,1.7147918,1.43,385554315.2,755686457.9,4852053831,802339645.4,15.09090909,5818365121,0.129879518,0,15.09090909,755686458
DISH,43.77,16.09,0,3.06,66.5,42.48,21032719056,2754331000,1.8521843,3.76,480528194.1,1470416274,11355629705,1307191986,11.64095745,5593808260,0.262864976,0,11.64095745,1470416274
DLR,98.96,16.55,3.5710857,2.19,127.23,101.101,21400952517,1260662000,12.434961,2.32,216258614.8,473606366.3,1721030932,1293108913,42.65517241,9224548499,0.051341956,2.76163E-09,42.65517241,473606366
DLTR,101.58,26.66,0,3.77,116.65,65.63,25151198417,2430300000,1.6097589,4.08,247599905.7,933451644.3,15624202119,943405792.1,24.89705882,6164509416,0.151423509,0,24.89705882,933451644
DOV,96.2,23.87,1.8815053,5.15,109.06,75.51,15566645713,1513291000,1.986176,3.59,161815444,833349536.6,7837495626,652142677.5,26.79665738,4336113012,0.19218815,2.88511E-09,26.79665738,833349537
DPS,116.93,26.57,1.9661016,4.54,126.65,83.23,21209783858,1507000000,4.2149186,9.99,181388727.1,823504821,5032074370,798260589.3,11.7047047,2123101487,0.387878218,2.46298E-09,11.7047047,823504821
DRE,24.52,19.77,3.1533308,0.88,30.14,24.73,9035293365,529483000,16.077257,1.94,368486678.8,324268277.4,561992220.8,457020402.9,12.63917526,4657367714,0.069624796,6.89976E-09,12.63917526,324268277
DRI,91.33,22.72,2.6503997,3.81,100.11,71.7,11745595320,997600000,1.5278828,5.89,128606102.3,489989249.6,7687497575,516971625,15.50594228,1994158798,0.245712252,5.12678E-09,15.50594228,489989250
DTE,98.49,19.12,3.5559585,4.82,116.74,96.56,17808073691,2790000000,1.9091922,1.95,180810982.7,871508936.9,9327543707,931384607.3,50.50769231,9132345483,0.095431008,3.81793E-09,50.50769231,871508937
DUK,74.32,16.7,4.7849464,3.12,91.8,72.93,52078185682,9895000000,2.9348857,1.27,700729086.1,2186274749,17744536246,3118454232,58.51968504,41006445419,0.053315393,1.5344E-09,58.51968504,2186274749
DVA,71.91,20.55,0,4.3,80.71,52.51,13685178000,2252294000,1.1451397,2.79,190309803.9,818332156.9,11950662439,665945401.5,25.77419355,4905081720,0.166833542,0,25.77419355,818332157
DVN,34.94,23.93,0.6528836,-6.89,47.25,28.7947,19317380000,3723000000,2.0660408,2.85,552872925,-3809294453,9349950882,807245298.8,12.25964912,6778028070,-0.562006297,8.0878E-10,12.25964912,-3809294453
DWDP,68.21,49.43,2.1529746,1.59,77.08,64.01,1.65E+11,5250000000,2.6922395,1.54,2419000147,3846210233,61287266605,3338053813,44.29220779,1.07E+11,0.035897962,6.44979E-10,44.29220779,3846210234
DXC,91.92,79.93,0.7493755,-0.89,102.95,67.76,27408621020,1628000000,1.9598055,2.26,298179079.9,-265379381.1,13985378151,342907807.1,40.67256637,12127708416,-0.021882071,2.18536E-09,40.67256637,-265379381
EA,116.54,34.48,0,3.07,131.01,81.27,37890226992,1560000000,7.4415817,8.54,325126368.6,998137951.5,5091689982,1098904495,13.64637002,4436794730,0.224968251,0,13.64637002,998137952
EBAY,41.02,24.86,0,-1.07,46.99,31.89,44216696399,2941000000,4.6720185,3.8,1077930190,-1153385303,9464152678,1778628174,10.79473684,11635972737,-0.099122379,0,10.79473684,-1153385303
ECL,127.76,28.08,1.2319711,4.14,140.5,119.61,38460272282,2848600000,3.7360687,5.28,301035318.4,1246286218,10294316130,1369667816,24.1969697,7284142478,0.171095805,8.99467E-10,24.1969697,1246286218
ED,74.73,18.64,3.8001595,4.1,89.7,72.63,23335777662,4288000000,2.960244,1.58,312267866.5,1280298253,7883058850,1251919402,47.29746835,14769479533,0.086685401,3.03547E-09,47.29746835,1280298253
EFX,114,19.03,1.3265306,4.04,147.02,90.72,14121334618,1141200000,5.6338058,4.59,123871356.3,500440279.4,2506535567,742056469.7,24.83660131,3076543490,0.162663158,1.78764E-09,24.83660131,500440279
EIX,58.07,13.23,4.0542803,3.96,83.38,58.76,19447670886,4284000000,2.161095,1.59,334900480.2,1326205902,8998989348,1469967565,36.52201258,12231239551,0.10842776,2.75807E-09,36.52201258,1326205902
EL,131.46,37.78,1.1283498,3.35,138.74,81.69,49543264457,2478000000,3.9522583,10.82,376869499.9,1262512825,12535431821,1311362214,12.14972274,4578859931,0.275726457,8.60441E-10,12.14972274,1262512825
EMN,93.57,12.28,2.2630835,10.12,104.08,76.02,14226830813,2152000000,1.4904785,2.78,152044788,1538693255,9545143263,1158536711,33.65827338,5117565041,0.300669018,1.9534E-09,33.65827338,1538693255
EMR,66.4,25.74,2.813225,2.35,74.45,56.77,44040298425,2542000000,3.6707752,5.01,663257506.4,1558655140,11997547119,1710967305,13.25349301,8790478728,0.177311747,1.64423E-09,13.25349301,1558655140
EOG,101.04,246.44,0.63339007,-1.98,119,81.99,61164030149,3692749000,8.02302,4.55,605344716.4,-1198582539,7623566955,248190351.2,22.20659341,13442643989,-0.089162708,2.55203E-09,22.20659341,-1198582538
EQIX,409.98,23.06,1.8775817,1.77,495.345,361.9,33333813618,1687152000,10.639136,5.14,81305950.58,143911532.5,3133131639,1445525309,79.76264591,6485177747,0.022190839,1.29889E-09,79.76264591,143911533
EQR,55.26,17.6,3.5437918,1.63,70.455,56.07,20925508143,1710686000,8.593619,2.09,378673690.6,617238115.7,2435005339,1188949326,26.44019139,10012204853,0.06164857,2.98061E-09,26.44019139,617238116
EQT,46.25,53.16,0.2518363,-2.69,67.84,47.13,12638828950,1518305000,6.4987307,2.15,273271977.3,-735101618.9,1944815001,237750732.7,21.51162791,5878525093,-0.125048649,1.05925E-09,21.51162791,-735101619
ES,56.11,18.22,3.3397784,2.96,66.15,55.2,18027633617,2738713000,3.1134193,1.68,321290921.7,951021128.3,5790300592,989442020.7,33.39880952,10730734296,0.088625913,3.37542E-09,33.39880952,951021128
ESRX,73.35,10.72,0,5.39,83.485,55.8,42449656350,7309300000,0.57588416,2.65,578727421.3,3119340801,73712144383,3959856003,27.67924528,16018738245,0.194730743,0,27.67924528,3119340801
ESS,218.28,18.66,3.2138102,6.27,270.04,214.03,14383525286,1237886000,14.1830845,2.3,65894838.22,413160635.6,1014132383,770821290.8,94.90434783,6253706646,0.06606652,4.16933E-09,94.90434783,413160636
ETFC,48.48,22.14,0,2.15,56,32.25,13754977266,0,5.689136,2.15,283724778.6,610008274,2417762076,621272685.9,22.54883721,6397663845,0.095348597,0,22.54883721,610008274
ETN,79.41,17.08,2.9404557,6.68,89.85,69.45,35961772000,4253000000,1.8161736,2.17,452862007.3,3025118209,19800845029,2105490164,36.59447005,16572245161,0.182541242,1.39657E-09,36.59447005,3025118209
ETR,72.02,10.65,4.892126,-3.26,87.95,69.63,13116894887,880700000,1.5543115,1.54,182128504.4,-593738924.3,8439038691,1231633323,46.76623377,8517464212,-0.069708414,3.97206E-09,46.76623377,-593738924
EVHC,35.34,10.91,0,-0.48,73,23.77,4212729247,827200000,1.227099,0.64,119205694.6,-57218733.41,3433080173,386134669.8,55.21875,6582389448,-0.008692699,0,55.21875,-57218733
EW,123.78,32.57,0,2.88,138.48,89.2,27447099863,1156700000,7.8283277,8.48,221740991,638614054,3506125563,842711079.6,14.59669811,3236686305,0.197304896,0,14.59669811,638614054
EXC,35.98,14.51,3.8174274,1.23,42.67,33.3,34734816899,8548000000,1.3933871,1.26,965392354.1,1187432595,24928332478,2393853680,28.55555556,27567314999,0.04307393,1.59468E-09,28.55555556,1187432596
EXPD,60.36,25.26,1.3520038,2.36,67.54,51.96,11040678071,721643000,2.190319,5.55,182913818.3,431676611.1,5040671277,437081475.5,10.87567568,1989311364,0.216998012,3.09325E-09,10.87567568,431676611
EXPE,123.03,30.99,0.92785895,1.81,161,115.55,19722178609,1481458000,2.5074897,4.14,160303817,290149908.8,7865307925,636404601.8,29.7173913,4763811258,0.060907096,1.45797E-09,29.7173913,290149909
EXR,77.56,18.12,3.879632,2.92,88.56,71.34,10133547517,717468000,12.204818,4.54,130654300.1,381510556.3,830290752.1,559246551.7,17.08370044,2232058924,0.170923156,6.93725E-09,17.08370044,381510556
F,10.43,5.89,6.7843866,1.9,13.48,10.19,42414328338,9281000000,0.27054095,1.26,4066570310,7726483590,1.57E+11,7201074421,8.277777778,33662165348,0.229530201,9.42135E-10,8.277777778,7726483589
FAST,52.15,27.02,2.7798648,2.01,57.815,39.79,15311373377,1009600000,3.472977,7.39,293602557.6,590141140.7,4408717183,566668148.7,7.056833559,2071904381,0.284830297,4.90563E-09,7.056833559,590141141
FB,171.58,27.9,0,5.39,195.32,132.44,5.23E+11,23624000000,13.241967,7.08,3048140809,16429478960,39495642906,18745519713,24.23446328,73870056497,0.222410537,0,24.23446328,16429478961
FBHS,62.44,20.27,1.2618296,3.04,73.62,55.25,9624169008,814500000,1.8434572,3.76,154134673.4,468569407.2,5220717361,474798668.4,16.60638298,2559619417,0.18306214,2.65761E-09,16.60638298,468569407
FCX,17.16,14.67,1.1198208,1.24,20.25,11.05,25853969330,5347000000,1.6538345,3.66,1506641569,1868235546,15632742774,1762370097,4.68852459,7063926046,0.264475524,6.35406E-10,4.68852459,1868235546
FDX,239.27,19.45,0.7963368,11.07,274.66,182.89,67280478816,8062000000,1.0751684,3.9,281190616.5,3112780125,62576689211,3459150582,61.35128205,17251404825,0.180436327,2.30212E-10,61.35128205,3112780125
FE,30.64,11.18,4.673807,-14.49,35.22,27.93,13706075072,-5067000000,1.2994481,2.19,447326209.9,-6481756782,10547612538,1225945892,13.99086758,6258481768,-1.035675587,3.81241E-09,13.99086758,-6481756781
FFIV,137.25,21.21,0,6.51,149.5,114.63,8744185796,629940000,4.1203604,6.86,63709914.72,414751544.9,2122189553,412267128.5,20.00728863,1274662652,0.325381421,0,20.00728863,414751545
FIS,92.74,22.08,1.322724,1.72,103.65,77.63,32308459680,2782000000,4.7038417,3.25,348376748.8,599208007.9,6868526141,1463245457,28.53538462,9941064517,0.060276041,9.03966E-10,28.53538462,599208008
FISV,133.05,27.32,0,4.14,144.2,106.2,26918949723,1911000000,6.518713,11.54,202322057.3,837613317.2,4129488401,985320268,11.52946274,2332664621,0.359080045,0,11.52946274,837613317
FITB,31.1,16.9,1.9789734,2.85,33.91,23.2,22437653700,0,2.8802848,1.46,721467964.6,2056183699,7790081627,1327671817,21.30136986,15368255959,0.133794212,1.49056E-09,21.30136986,2056183699
FL,45.88,9.5,2.5827951,4.91,77.86,28.42,5819080328,957000000,1.0362948,3.25,126832613.9,622748134.5,5615275043,612534771.4,14.11692308,1790486255,0.347809503,4.21657E-09,14.11692308,622748134
FLIR,46.46,25.53,1.2396694,1.21,52.88,33.75,6706992926,375267000,5.137961,3.52,144360588.2,174676311.7,1305380272,262710259.5,13.19886364,1905395718,0.091674559,4.71877E-09,13.19886364,174676312
FLR,55.31,19.9,1.4726508,1.99,62.09,37.0351,7978485059,709756000,0.5516402,2.4,144250317.5,287058131.8,14463204565,400928897.4,23.04583333,3324368775,0.086349666,3.6731E-09,23.04583333,287058132
FLS,40.82,26.17,1.8291216,1.12,51.92,37.51,5427884956,463066000,2.0803037,3.15,132971214,148927759.7,2609179110,207408672.4,12.95873016,1723138081,0.086428221,8.81893E-09,12.95873016,148927760
FMC,80.87,32.48,0.785995,1.56,98.7,56.53,11273961835,557800000,6.0089035,5.26,139408456,217477191.3,1876209501,347104736.3,15.37452471,2143338752,0.101466551,2.26443E-09,15.37452471,217477191
FOX,34.09,17.57,1.0084034,1.59,38.56,24.3,66135313503,5280000000,3.1654842,4.04,1940020930,3084633279,20892637374,3764104354,8.438118812,16370127105,0.188430625,2.679E-10,8.438118812,3084633279
FOXA,34.56,17.81,0.9983361,1.59,39.135,24.81,44027094922,5280000000,2.1080317,4.11,1273932145,2025552110,20885404580,2472043510,8.408759124,10712188545,0.189088542,4.03851E-10,8.408759124,2025552111
FRT,108.11,18.35,3.5925992,3.5,143.79,109.74,8077368506,540767000,12.898601,3.98,74714351.18,261500229.1,626220510.7,440183569.8,27.16331658,2029489574,0.128850245,8.16159E-09,27.16331658,261500229
FTI,29.1,18.77,1.7060367,0,35,24.53,14163064455,540167833.4,1.561575,1.06,486703245.9,0,9069730532,754558575.1,27.45283019,13361381561,0,2.26097E-09,27.45283019,0
FTV,69.14,25.05,0.39057052,2.46,76.68,54.8844,24916503061,1508300000,5.1682673,7.17,360377539.2,886528746.5,4821055417,994670780.9,9.642956764,3475105029,0.255108476,3.92663E-10,9.642956764,886528746
GD,206.05,20.71,1.5631542,9.55,229.54,181.94,64180390701,4618000000,2.0481362,5.45,311479692.8,2974631066,31335997431,3099004862,37.80733945,11776218477,0.252596457,5.04405E-10,37.80733945,2974631066
GE,14.45,13.76,3.147541,-0.72,30.59,14.71,1.32E+11,-206000000,1.0887611,1.7,9134948097,-6577162630,1.21E+11,9593023256,8.5,77647058824,-0.084705882,3.28107E-10,8.5,-6577162630
GGP,21.62,13.86,4.005462,1.34,25.72,18.83,21018887283,1740540000,17.003777,2.57,972196451.6,1302743245,1236130495,1516514234,8.412451362,8178555363,0.159287697,2.64123E-09,8.412451362,1302743245
GILD,78.22,8.16,2.754954,9.95,89.54,63.759,1.08E+11,17590000000,5.2087464,4.12,1380721043,13738174380,20734355583,13235294118,18.98543689,26213592233,0.524085912,2.08152E-10,18.98543689,13738174378
GIS,53.99,17.53,3.5864594,2.77,63.73,49.65,31098243069,3107600000,2.0389178,7.26,576000056.8,1595520157,15252328009,1774001316,7.436639118,4283504555,0.372480089,2.02168E-09,7.436639118,1595520157
GLW,28.45,16.45,2.0791416,-0.78,35.1,26.31,25759280346,2970000000,2.544682,1.71,905422859.3,-706229830.2,10122789545,1565913699,16.6374269,15063906635,-0.04688225,1.32775E-09,16.6374269,-706229830
GM,40.75,6.58,3.5857513,6,46.76,31.92,61536606173,23541000000,0.5633218,1.33,1510100765,9060604590,1.09E+11,9352067807,30.63909774,46268124942,0.195828221,3.83418E-10,30.63909774,9060604590
GOOG,1001.52,40.29,0,22.27,1186.89,803.1903,7.29E+11,32714000000,6.772653,4.67,727893601.7,16210190510,1.08E+11,18093819806,214.4582441,1.56E+11,0.103843059,0,214.4582441,16210190510
GOOGL,1007.71,31.48,0,22.27,1198,824.3,7.34E+11,34217000000,6.801692,4.7,728384158.1,16221115202,1.08E+11,23316391360,214.406383,1.56E+11,0.103868176,0,214.406383,16221115201
GPC,96.31,21.17,2.7198548,4.6,107.75,79.86,14554321748,1201517000,1.212236,4.33,151119528.1,695149829.1,12006178457,687497484.6,22.24249423,3361275230,0.206811338,3.95617E-09,22.24249423,695149829
GPN,100.59,27.86,0.037622273,1.58,113.26,76.47,16920023264,960345000,5.775833,4.73,168207806.6,265768334.4,2929451607,607323160.9,21.26638478,3577171937,0.074295656,6.19477E-11,21.26638478,265768334
GPS,31.17,15.35,2.8203557,1.69,35.68,21.02,12684517721,1959000000,1.1289738,3.93,406946349.7,687739331,11235440292,826352946,7.93129771,3227612652,0.213079885,3.41302E-09,7.93129771,687739331
GRMN,61.13,21.23,3.2339885,2.69,64.96,48.5,11840331607,736798000,5.319881,3.14,193691012.7,521028824.2,2225676027,557716985.7,19.46815287,3770806244,0.138174382,5.79862E-09,19.46815287,521028824
GS,246.35,12.44,1.1668612,8.61,273.79,209.62,96978500251,0,2.309415,1.25,393661458.3,3389425156,41992669248,7795699377,197.08,77582800201,0.043687843,1.4968E-10,197.08,3389425156
GT,30.75,9.92,1.6731402,4.74,37.2,28.81,8244568238,2044000000,0.72725976,1.65,268116040.3,1270870031,11336483457,831105669.2,18.63636364,4996708023,0.254341463,2.01315E-09,18.63636364,1270870031
GWW,258.6,22.57,1.9700643,10.02,298.145,155,14639308205,1279846000,1.3995146,8.1,56609853.85,567230735.6,10460275445,648617997.6,31.92592593,1807322001,0.313851508,3.03733E-09,31.92592593,567230736
HAL,47.41,38.86,1.4489837,-0.53,57.86,38.181,43356557470,2910000000,2.1424224,4.74,914502372.3,-484686257.3,20237165869,1115711721,10.0021097,9146953053,-0.052988821,1.29871E-09,10.0021097,-484686257
HAS,96.48,20.57,2.2304833,4.34,116.2,87.92,12732072001,1028425000,3.2375681,5.82,131965920.4,572732094.6,3932603611,618963150.3,16.57731959,2187641237,0.261803483,3.60358E-09,16.57731959,572732095
HBAN,15.1,15.41,2.8132992,1,16.53,12.14,16766497291,0,3.5112102,1.72,1110364059,1110364059,4775133454,1088027079,8.779069767,9747963541,0.113907285,2.58569E-09,8.779069767,1110364059
HBI,19.57,10.04,2.7322404,1.41,25.73,18.9,8006268615,926153000,1.6339768,6.17,409109280.3,576844085.2,4899866764,797437113,3.171799028,1297612417,0.444542667,3.42628E-09,3.171799028,576844085
HCA,95.97,14.07,1.4227642,5.94,106.84,71.18,34449052800,8202000000,0.7251921,3.25,358956473.9,2132201455,47503348147,2448404606,29.52923077,10599708554,0.201156611,5.81098E-10,29.52923077,2132201455
HCN,54.67,12.74,6.1538463,2.81,78.17,55.29,20943679019,1908253000,6.725218,1.49,383092720.3,1076490544,3114200762,1643930849,36.69127517,14056160415,0.076584964,3.74337E-09,36.69127517,1076490544
HCP,22.64,10.99,6.330197,1.33,33.67,22.8,10967755538,1412684000,8.127109,1.97,484441499,644307193.7,1349527309,997975936.1,11.49238579,5567388598,0.115728799,6.34304E-09,11.49238579,644307194
HD,181.22,28.1,1.8610487,6.46,207.605,136.82,2.23E+11,16513000000,2.8964398,84.08,1230548505,7949343340,76991070210,7935943060,2.155328259,2652235966,2.997223265,2.34509E-10,2.155328259,7949343342
HES,43,-9.33,2.2670596,-19.94,55.48,37.25,14016129999,-819000000,3.780475,1.08,325956511.6,-6499572841,3707505009,-1502264737,39.81481481,12977898147,-0.500818605,-1.50909E-09,39.81481481,-6499572841
HIG,53.34,14.34,1.7901897,2.27,59.2,46.35,19926305632,0,1.3939538,1.15,373571534.2,848007382.5,14294810654,1389561062,46.3826087,17327222289,0.048940757,1.28831E-09,46.3826087,848007383
HII,225.37,18.75,1.2264713,12.15,253.44,183.42,10628247899,1107000000,1.8924941,6.04,47159106.8,572983147.6,5616000546,566839887.9,37.31291391,1759643692,0.325624529,2.1637E-09,37.31291391,572983148
HLT,78.66,36.42,0.7315289,1.05,88.11,55.79,26242415796,2815000000,3.7628453,17.67,333618304,350299219.2,6974088410,720549582.5,4.451612903,1485139547,0.235869565,1.01524E-09,4.451612903,350299219
HOG,47.54,13.7,3.0218647,2.98,63.4,44.52,8158949890,1058817000,1.66195,4.31,171622841.6,511436068,4909263149,595543787.6,11.03016241,1893027817,0.270168279,5.07413E-09,11.03016241,511436068
HOLX,38.8,19.21,0,2.64,46.8,35.76,11181493750,1561000000,4.80335,4,288182828.6,760802667.5,2327853217,582066306.6,9.7,2795373438,0.272164948,0,9.7,760802668
HON,146.02,20.68,1.9710299,2.08,165.13,119.31,1.14E+11,8333000000,2.8267899,5.71,780714970.6,1623887139,40328430493,5512572534,25.57267951,19964973730,0.081336803,3.57552E-10,25.57267951,1623887139
HP,64.87,-54.51,4.1499925,-1.2,75.02,42.16,7345243806,483673000,3.7385862,1.62,113230211.3,-135876253.5,1964711635,-134750390.9,40.04320988,4534101115,-0.029967628,-3.07976E-08,40.04320988,-135876254
HPE,15.04,11.57,1.9280206,0.21,24.88,12.815,24800859640,3683000000,1.4609766,1.06,1648993327,346288598.7,16975535159,2143548802,14.18867925,23397037396,0.014800532,8.99453E-10,14.18867925,346288599
HPQ,19.92,12.07,2.6270628,1.49,24.1,15.39,34895294088,3700000000,0.8954903,0.66,1751771792,2610139969,38967808013,2891076561,30.18181818,52871657709,0.04936747,9.0868E-10,30.18181818,2610139970
HRB,25.19,12.29,3.7296038,1.92,31.8,19.85,5381433872,894754000,2.0188456,205.41,213633738.5,410176777.9,2665599525,437870941.6,0.122632783,26198499.94,15.65649861,8.51759E-09,0.122632783,410176778
HRL,32.21,20.39,2.2907758,1.57,38,29.75,17338613096,1422305000,2.5174792,3.49,538299071.6,845129542.4,6887291500,850348852.2,9.229226361,4968083982,0.170111767,2.69392E-09,9.229226361,845129542
HRS,149.84,26.38,1.4922442,4.43,160.67,104.16,18140726600,1368000000,2.9516637,5.88,121067315.8,536328209,6145932750,687669696.7,25.4829932,3085157585,0.173841431,2.17E-09,25.4829932,536328209
HSIC,70.85,19.85,0,3.1,93.495,65.28,11452961984,1033985000,1.262194,3.74,161650839.6,501117602.7,9073852343,576975414.8,18.94385027,3062289301,0.163641496,0,18.94385027,501117603
HST,18.75,11.23,4.1131105,1.02,21.53,17.26,14394715334,1547000000,3.5549128,2.02,767718151.1,783072514.2,4049245690,1281809024,9.282178218,7126096700,0.109888,3.20883E-09,9.282178218,783072514
HSY,97.65,20.51,2.6494346,3.66,116.49,98.851,20867272020,1404123000,2.8396711,25.64,213694541.9,782122023.5,7348482020,1017419406,3.80850234,813856163,0.96100768,2.60407E-09,3.80850234,782122023
HUM,262.37,22.39,0.6040015,4.06,293.35,189.01,36973617235,0,0.9256895,3.33,140921665,572141959.7,39941705329,1651345120,78.78978979,11103188359,0.051529519,3.65763E-10,78.78978979,572141960
IBM,147.59,10.67,3.8999026,6.11,182.79,139.13,1.42E+11,16557000000,1.817167,7.7,962124805.2,5878582560,78143615859,13308341143,19.16753247,18441558442,0.318768209,2.93042E-10,19.16753247,5878582560
ICE,67,22.95,5.4298644,2.37,76.1378,56.8,41373051167,3103000000,9.619987,2.62,617508226.4,1463494497,4300738781,1802747328,25.57251908,15791240903,0.092677612,3.01199E-09,25.57251908,1463494497
IDXX,169.28,53.57,0,2.94,198.73,140.63,15422885020,478307000,7.97525,196.21,91108725.31,267859652.4,1933843456,287901531.1,0.862749095,78603970.34,3.407711484,0,0.862749095,267859652
IFF,138,24.17,1.9341276,5.05,157.4,116.3,11270040447,699963000,4.4208813,6.34,81666959.76,412418146.8,2549274609,466282186.5,21.76656151,1777608903,0.232007246,4.14798E-09,21.76656151,412418147
ILMN,209.54,52.25,0,4.92,248.97,158.0203,32295200000,1192000000,11.713953,10.89,154124272.2,758291419.3,2756985622,618089952.2,19.24150597,2965583104,0.255697242,0,19.24150597,758291419
INCY,83.92,-119.89,0,0.54,153.15,84.21,18220961259,-81686000,17.02699,10.25,217122989.3,117246414.2,1070122274,-151980659.4,8.187317073,1777654757,0.065955672,0,8.187317073,117246414
INFO,43.73,26.19,0,1,49.19,37.82,17969275816,1018900000,5.0604,2.24,410914150.8,410914150.8,3550959572,686112096.8,19.52232143,8021998132,0.051223416,0,19.52232143,410914151
INTC,42.75,12.32,2.6548672,1.98,50.85,33.23,2.12E+11,26247000000,3.348876,3.34,4959064327,9818947368,63304822275,17207792208,12.7994012,63473053892,0.154694737,1.54283E-10,12.7994012,9818947367
INTU,152.75,40.52,0.96720195,3.72,170.59,111.9,41233771565,1654000000,9.633731,33.5,269942858,1004187432,4280145622,1017615290,4.559701493,1230858853,0.815842881,9.50459E-10,4.559701493,1004187432
IP,56.05,15.57,3.206751,5.14,66.94,49.6,24465996443,3004000000,1.0738261,4.99,436503058.8,2243625722,22783946528,1571354942,11.23246493,4903005299,0.457602141,2.04076E-09,11.23246493,2243625722
IPG,21.34,15.46,3.3802817,1.49,25.71,18.3,8277363031,1074900000,1.4712903,4.01,387880179.5,577941467.5,5625921024,535405112,5.321695761,2064180307,0.279985942,6.3135E-09,5.321695761,577941467
IQV,95.23,21.74,0,0.76,110.67,75.94,20426488713,1542000000,2.8477087,2.77,214496363.7,163017236.4,7172955827,939580897.6,34.37906137,7374183651,0.022106479,0,34.37906137,163017236
IR,87.6,19.38,1.9739007,5.07,97.67,77.26,22785450609,1987100000,1.6147361,3.34,260107883.7,1318746970,14110943955,1175719846,26.22754491,6821991200,0.193308219,1.67889E-09,26.22754491,1318746970
IRM,32.07,15.42,7.08258,0.46,41.53,32.05,9410249279,1116140000,3.2898626,4.97,293428415.3,134977071,2860377597,610262599.2,6.452716298,1893410318,0.071287808,1.16058E-08,6.452716298,134977071
ISRG,381.87,48.58,0,5.67,452,233.10643,44866621303,1153700000,14.655261,9.48,117491872.4,666178916.4,3061468595,923561574.8,40.28164557,4732765960,0.140758897,0,40.28164557,666178917
IT,114.26,36.86,0,2.31,142.16,97.96,10828314389,234935000,4.894499,13.47,94769073.95,218916560.8,2212343774,293768702.9,8.482553823,803883770.5,0.272323648,0,8.482553823,218916561
ITW,156.15,23.62,1.9089574,4.86,179.07,126.52,55994378108,3924000000,3.9286149,10.99,358593519.7,1742764506,14252956712,2370634128,14.20837125,5095029855,0.342051873,8.05252E-10,14.20837125,1742764506
IVZ,31.92,11.87,3.466826,2.74,38.43,29.36,13620847614,1606200000,2.6513786,1.62,426718283.6,1169208097,5137269952,1147501905,19.7037037,8407930626,0.13906015,3.02119E-09,19.7037037,1169208097
JBHT,114.81,30.62,0.8139042,6.19,126.49,83.35,12945366350,1007309000,1.7697402,8.55,112754693.4,697951552.2,7314839969,422774864.5,13.42807018,1514077936,0.460974654,1.92515E-09,13.42807018,697951552
JCI,36.55,14,2.7659574,1.71,44.37,34.51,34822224800,4295000000,1.1415336,1.69,952728448.7,1629165647,30504774279,2487301771,21.62721893,20604866746,0.079067031,1.11203E-09,21.62721893,1629165647
JEC,62.82,19.45,0.9089532,2.43,72.18,49.31,9326484316,409832000,1.2129636,2.01,148463615.3,360766585.3,7689005932,479510761.7,31.25373134,4640041948,0.077750716,1.89558E-09,31.25373134,360766585
JNJ,126.36,17.31,2.5566885,0.39,148.32,113.15,3.53E+11,22430000000,4.6326222,4.74,2793605571,1089506173,76198745497,20392836511,26.65822785,74472573840,0.01462963,1.25372E-10,26.65822785,1089506173
JNPR,24.66,14.09,1.5754234,0.78,30.96,23.87,9267350000,1115500000,1.8543326,1.78,375804947.3,293127858.9,4997674096,657725337.1,13.85393258,5206376404,0.056301703,2.39526E-09,13.85393258,293127859
JPM,107.88,15.43,1.9845841,6.3,117.3529,81.635,3.87E+11,0,3.3714993,1.6,3587319244,22600111235,1.15E+11,25081011017,67.425,2.42E+11,0.093437152,7.9127E-11,67.425,22600111237
JWN,47.23,15.04,3.0020285,2.02,53,37.7924,8212509855,1448000000,0.74603415,9.1,173883333.8,351244334.3,11008222419,546044538.2,5.19010989,902473610.4,0.389201779,5.49777E-09,5.19010989,351244334
K,65.98,16.5,3.363962,1.95,76.69,58.76,22182794875,1827000000,2.3173764,11.5,336204832.9,655599424.2,9572374550,1344411811,5.737391304,1928938685,0.33987572,2.50218E-09,5.737391304,655599424
KEY,20.08,14.66,1.9876952,1.12,22.22,16.28,22589744920,0,3.270451,1.55,1124987297,1259985772,6907226227,1540910295,12.95483871,14574028981,0.086454183,1.28995E-09,12.95483871,1259985773
KHC,71.58,20.11,3.3990483,2.81,97.77,72.05,89618309338,7832000000,4.6780853,1.54,1252002086,3518125863,19157049004,4456405238,46.48051948,58193707362,0.060455434,7.62733E-10,46.48051948,3518125862
KIM,14.01,9.28,7.7134986,0.8,25.15,14.33,6180487499,701190000,7.0508943,1.2,441148286.9,352918629.5,876553701.7,666000808.1,11.675,5150406249,0.068522484,1.15818E-08,11.675,352918630
KLAC,98.54,16.59,2.2988505,5.88,121.65,86.33,16078622033,1506642000,4.3395863,12.93,163168480.1,959430663.2,3705104801,969175529.4,7.62103635,1243512918,0.77154861,2.37197E-09,7.62103635,959430663
KMB,111.69,17.93,3.5599859,6.41,136.21,109.67,39449596000,4033000000,2.1947837,151.66,353206159.9,2264051485,17974252315,2200200558,0.736449954,260118660.2,8.703917987,1.61803E-09,0.736449954,2264051485
KMI,16.8,25.07,2.891845,0.01,22.75,16.56,38612712234,5981000000,2.823936,1.07,2298375728,22983757.28,13673366618,1540195941,15.70093458,36086646948,0.000636905,1.87758E-09,15.70093458,22983757
KMX,64.34,19.44,0,3.97,77.64,54.29,11827453706,1339628000,0.6913859,3.55,183827381.2,729794703.3,17106877224,608408112.4,18.12394366,3331677100,0.219047249,0,18.12394366,729794703
KO,43.1,22.8,3.3213644,1.49,48.615,40.22,1.90E+11,8589000000,6.822138,8.65,4408352668,6568445476,27850506689,8333333333,4.98265896,21965317919,0.299037123,3.98564E-10,4.98265896,6568445475
KORS,60.03,14.29,0,3.31,69.95,32.38,10053919023,456600000,3.1455927,5.4,167481576.3,554364017.4,3196192254,703563262.6,11.11666667,1861836856,0.297751124,0,11.11666667,554364018
KR,27.57,13.07,1.7301039,2.05,34.75,19.69,25471355847,5342000000,0.27961263,4.02,923879428.6,1893952829,91095154918,1948841304,6.858208955,6336158171,0.298911861,8.8776E-10,6.858208955,1893952829
KSS,60.34,16.01,3.4965036,3.12,69.14,35.16,10570861198,2286000000,0.8557757,2.04,175188286.3,546587453.4,12352373639,660266158.5,29.57843137,5181794705,0.105482267,5.2956E-09,29.57843137,546587453
KSU,103.53,19.8,1.3445379,9.16,114.85,81.54,11037040988,1295400000,4.281897,2.39,106607176.5,976521737.2,2577605437,557426312.5,43.31799163,4618008782,0.21145948,2.41205E-09,43.31799163,976521737
L,46.05,15.99,4.5131636,1.93,53.59,45.01,16111166935,0,1.5809761,0.85,349862474.2,675234575.1,10190645472,1007577669,54.17647059,18954314041,0.035624321,4.47922E-09,54.17647059,675234575
LB,47.77,12.77,4.886988,3.98,63.1,35,13862042842,2329000000,1.7060977,1403.38,290183019.5,1154928418,8124999431,1085516276,0.034039248,9877611.796,116.9238518,4.50199E-09,0.034039248,1154928418
LEG,43.99,17.88,3.1454785,2.76,54.97,42,6034600480,447000000,2.0302901,4.89,137181188.5,378620080.1,2972284838,337505619.7,8.99591002,1234069628,0.306806092,9.31978E-09,8.99591002,378620080
LEN,59.11,15.35,0.26268265,3.38,72.17,43.647053,14615967194,1405319000,1.1468264,1.76,247267250.8,835763307.7,12744707651,952180273.2,33.58522727,8304526815,0.100639486,2.75875E-10,33.58522727,835763308
LH,165.46,17.79,0,7.02,181.715,130.292,17271388000,1861200000,2.2459624,2.71,104384068.7,732776162,7689972014,970848116.9,61.05535055,6373205904,0.114977638,0,61.05535055,732776162
LKQ,38.86,21.35,0,1.5,43.8599,27.85,12469931896,1065614000,1.723609,3.02,320893769.8,481340654.8,7234779985,584071751.6,12.86754967,4129116522,0.116572311,0,12.86754967,481340655
LLL,198.79,23.14,1.4444605,8.51,218.705,159.43,16229343134,1137000000,1.4884604,3.12,81640641.55,694761859.6,10903443003,701354500.2,63.71474359,5201712543,0.133564063,2.05953E-09,63.71474359,694761860
LLY,74.21,17.34,2.9327424,-0.2,89.09,75.71,84475986228,3459800000,3.754678,5.73,1138336966,-227667393.1,22498863079,4871740844,12.95113438,14742755014,-0.015442663,6.01991E-10,12.95113438,-227667393
LMT,334.3,24.28,2.315954,6.83,361.79,256.4,98102120000,7115000000,1.8781451,45.55,293455339.5,2004299969,52233514865,4040449753,7.339187706,2153723820,0.9306207,5.73192E-10,7.339187706,2004299969
LNC,73.86,9.49,1.6813145,9.24,86.68,61.45,17123031000,0,1.201944,1.04,231830909.8,2142117607,14246113796,1804323604,71.01923077,16464452885,0.130105605,9.31825E-10,71.01923077,2142117607
LNT,37.14,19.86,3.5733333,1.65,45.55,36.84,8670163500,1168400000,3.4331481,2.13,233445436.2,385184969.7,2525426590,436564123.9,17.43661972,4070499296,0.094628433,8.18513E-09,17.43661972,385184970
LOW,95.01,23.87,1.6413131,3.46,108.98,70.76,82909678852,7858000000,1.5653384,14.1,872641604.6,3019339952,52965977741,3473384116,6.738297872,5880119068,0.513482791,4.7254E-10,6.738297872,3019339952
LRCX,162.23,16.29,1.1652974,9.22,219.7,113.1982,27967534829,2967218000,3.0405293,4.52,172394346.5,1589475875,9198245460,1716852967,35.89159292,6187507706,0.25688467,6.7874E-10,35.89159292,1589475875
LUK,23.86,15.39,1.5993602,0.33,28.3,22.23,8910389431,2201336000,1.0410156,0.84,373444653.4,123236735.6,8559323636,578972672.6,28.4047619,10607606465,0.01161777,2.76241E-09,28.4047619,123236736
LUV,55.63,15.89,0.863707,5.82,66.985,49.76,34351211637,4533000000,1.6294897,3.84,617494367,3593817216,21080962731,2161813193,14.48697917,8945628030,0.401740068,3.99529E-10,14.48697917,3593817216
LYB,105.79,10.35,3.264714,12.25,121.95,78.01,43556650000,6851000000,1.3037612,5.86,411727479,5043661617,33408457009,4208371981,18.05290102,7432875427,0.678561301,7.75766E-10,18.05290102,5043661618
M,24,7.67,6.098546,1.98,33.73,17.405,7541063495,2446000000,0.45503208,1.69,314210979,622137738.3,16572597464,983189503.9,14.20118343,4462167749,0.139425,6.20282E-09,14.20118343,622137738
MA,160.62,34.99,0.5926628,3.65,177.11,105.8,1.87E+11,7113000000,15.020556,26.93,1164238576,4249470801,12449605727,5344384110,5.964352024,6943928704,0.611969244,1.10894E-10,5.964352024,4249470802
MAA,85.39,14.38,4.19652,2.86,110.95,86.95,9992628990,871483000,6.6291075,1.6,117023410.1,334686952.9,1507386777,694897704.5,53.36875,6245393119,0.053589413,6.03905E-09,53.36875,334686953
MAC,58.36,14.81,4.9177604,3.43,69.73,52.12,8473119166,503183000,11.394877,2.24,145187100.2,497991753.6,743590226.2,572121483.2,26.05357143,3782642485,0.131651816,8.59566E-09,26.05357143,497991754
MAR,133.88,32.73,0.9452879,2.67,149.21,85.3725,50910130358,2620000000,2.9997249,11.02,380266883.5,1015312579,16971599748,1555457695,12.14882033,4619794043,0.219774425,6.07723E-10,12.14882033,1015312579
MAS,40.7,22.12,0.98383695,1.47,46.445,31.29,13428792315,1179000000,2.308266,11.93,329945757.1,485020263,5817697057,607088260.2,3.411567477,1125632214,0.430886978,1.62058E-09,3.411567477,485020263
MAT,16,-14.68,0,-3.06,26.3,12.71,5843402350,-203599000,1.1863722,3.87,365212646.9,-1117550699,4925437691,-398051931.2,4.134366925,1509923088,-0.7401375,0,4.134366925,-1117550700
MCD,158.97,23.83,2.437994,6.36,178.7,124.36,1.32E+11,10515400000,5.770237,146.07,830345348.2,5280996414,22876010119,5539236257,1.088313822,903676319.6,5.843902623,4.40132E-10,1.088313822,5280996415
MCHP,79.9,21.77,1.7512966,0.66,99.17,69.76,19393095636,997492000,7.4475183,5.9,242717091.8,160193280.6,2603967504,890817438.5,13.54237288,3286965362,0.04873592,1.96594E-09,13.54237288,160193281
MCK,150.23,11.68,0.8898776,22.74,178.86,133.82,31534840262,7232000000,0.15318617,2.68,209910405.8,4773362628,2.06E+11,2699900707,56.05597015,11766731441,0.405665979,3.29596E-10,56.05597015,4773362628
MCO,152.14,26.55,1.114065,1.35,167.23,106.48,30189978000,1238000000,9.932974,73.84,198435506.8,267887934.1,3039369478,1137098983,2.060400867,408856690.1,0.655212304,9.79743E-10,2.060400867,267887934
MDLZ,42.68,19.85,1.9977299,1.91,47.23,39.19,65827817742,4355000000,2.5708609,2.52,1542357492,2945902809,25605359567,3316262859,16.93650794,26122149898,0.112774133,6.02404E-10,16.93650794,2945902810
MDT,78.38,17.04,2.2618315,2.89,89.72,75.44,1.10E+11,9204000000,4.944542,2.14,1403419240,4055881602,22246752075,6455399061,36.62616822,51401869159,0.078905333,3.50378E-10,36.62616822,4055881604
MET,44.28,8.52,3.4587116,0.63,56.58,44.58,48679364276,0,1.0496864,0.85,1099353303,692592581.2,46375150022,5713540408,52.09411765,57269840325,0.012093496,6.05353E-10,52.09411765,692592581
MGM,33.5,29.65,1.2687428,1.92,38.41,25.15,19633674337,2680385000,2.2276719,3.09,586079831,1125273275,8813539524,662181259.3,10.84142395,6353939915,0.177098507,1.91601E-09,10.84142395,1125273276
MHK,256.57,19.08,0,12.48,286.85,209.9,19897356456,1750393000,2.7977824,2.88,77551375.67,967841168.4,7111831305,1042838389,89.08680556,6908804325,0.140088085,0,89.08680556,967841168
MKC,101.36,23.91,2.0261056,3.73,109.67,90.25,13459353253,815700000,2.7788277,5.2,132787620.9,495297825.9,4843536450,562917325.5,19.49230769,2588337164,0.191357537,3.5993E-09,19.49230769,495297826
MLM,208.42,30.38,0.8042038,6.63,244.32,191.09,13756812736,975223000,4.416998,3.03,66005242.95,437614760.8,3114516406,452824645.7,68.78547855,4540202223,0.096386623,1.77597E-09,68.78547855,437614761
MMC,79.31,20.23,1.8257059,2.87,86.54,69.33,41819440000,3236000000,2.9848945,5.85,527290883.9,1513324837,14010357820,2067199209,13.55726496,7148622222,0.211694616,8.83179E-10,13.55726496,1513324837
MMM,222.89,24.31,2.3328617,7.92,259.77,175.49,1.39E+11,9048000000,4.3902707,11.34,623626003.9,4939117951,31660917856,5717811600,19.65520282,12257495591,0.402946745,4.07999E-10,19.65520282,4939117951
MNST,61.99,42.17,0,1.19,70.215,41.02,36403831015,1229478000,14.152587,9.56,587253283,698831406.8,2572238631,863263718.6,6.484309623,3807932115,0.183519923,0,6.484309623,698831407
MO,64.05,18.89,3.9526875,5.31,77.79,60.01,1.27E+11,10773000000,4.945682,10.32,1982825917,10528805621,25678966015,6723133933,6.206395349,12306201550,0.855569087,5.87923E-10,6.206395349,10528805619
MON,119.08,21.53,1.7938709,5.09,123.15,106.97,53076824328,4217000000,3.589782,7.96,445724087.4,2268735605,14785528572,2465249620,14.95979899,6667942755,0.340245213,7.27663E-10,14.95979899,2268735605
MOS,24.13,23.66,0.3960396,0.85,34.36,19.23,9726962131,1165100000,1.8161958,0.94,403106594.7,342640605.5,5355679234,411114206.7,25.67021277,10347832054,0.033112308,9.63332E-10,25.67021277,342640605
MPC,62.79,16.06,2.8268552,6.85,73.53,47.39,31633740000,5978000000,0.42713487,2.43,503802197.8,3451045055,74060307930,1969722291,25.83950617,13018000000,0.265097946,1.43515E-09,25.83950617,3451045055
MRK,54.73,13.75,3.435934,1.4,66.8,53.63,1.52E+11,8715000000,5.0893345,4.02,2777270236,3888178330,29866380369,11054545455,13.61442786,37810945274,0.102832085,3.10816E-10,13.61442786,3888178330
MRO,15.68,-32,1.2247398,-2.65,19.52,10.55,13875005314,2266000000,4.6578755,3.25,884885543,-2344946689,2978827003,-433593916.1,4.824615385,4269232404,-0.549266582,-2.82462E-09,4.824615385,-2344946689
MS,51.79,14.23,1.8331805,3.09,58.05,40.06,97535400000,0,2.2258842,1.33,1883286349,5819354818,43818721567,6854209417,38.93984962,73334887218,0.079353157,2.67453E-10,38.93984962,5819354818
MSFT,85.01,25.76,1.8747908,2.97,96.07,63.22,6.90E+11,41079000000,7.1130967,9.49,8116692154,24106575697,97004164164,26785714286,8.957850369,72708113804,0.331552758,6.99922E-11,8.957850369,24106575697
MSI,98.74,19.03,2.0266979,-1.08,107.78,77.23,16626039679,1629000000,2.6092634,6.81,168382010.1,-181852570.9,6371928445,873675232.7,14.49926579,2441415518,-0.07448653,2.31974E-09,14.49926579,-181852571
MTB,178.35,18.91,1.6218846,8.69,193.85,141.12,27840827434,0,4.6277885,1.79,156102200.4,1356528121,6016011197,1472280668,99.63687151,15553534879,0.087216709,1.10161E-09,99.63687151,1356528121
MTD,601,35.56,0,14.24,697.26,459.34,16420774443,666706000,8.372307,31.69,27322420.04,389071261.3,1961320153,461776559.1,18.96497318,518168963.2,0.750857903,0,18.96497318,389071261
MU,40,9.01,0,4.36,49.89,22.64,48576791974,12541000000,2.1912806,2.02,1214419799,5294870325,22168220708,5391430852,19.8019802,24047916819,0.22018,0,19.8019802,5294870324
MYL,39.25,8.35,0,0.93,47.82,29.39,21698849265,3113300000,2.5358944,1.63,552836923.9,514138339.3,8556684878,2598664583,24.0797546,13312177463,0.038621656,0,24.0797546,514138339
NAVI,13.38,7.56,4.5584044,1.01,16.97,11.481,3692691330,0,0.6986579,1.02,275985899.1,278745758.1,5285406964,488451234.1,13.11764706,3620285618,0.076995516,9.33236E-09,13.11764706,278745758
NBL,25.43,105.96,1.4771049,-2.32,39.6,22.985,13177325251,-518000000,4.6976447,1.44,518180308.7,-1202178316,2805091933,124361318,17.65972222,9150920313,-0.131372395,1.18775E-08,17.65972222,-1202178316
NCLH,56.01,15.35,0,2.78,61.48,46.96,13191507318,1529401000,3.2066104,2.35,235520573.4,654747194.1,4113847856,859381584.2,23.83404255,5613407369,0.116639886,0,23.83404255,654747194
NDAQ,75.21,17.78,1.9671283,4.32,83.29,65.98,12844304115,1212000000,3.2591083,2.25,170779206.4,737766171.7,3941048573,722401806.2,33.42666667,5708579607,0.129238133,2.72304E-09,33.42666667,737766172
NEE,145.29,21.65,2.6537917,11.39,159.64,124.18,69661177770,9018000000,4.091698,2.75,479462989.7,5461083452,17025004722,3217606364,52.83272727,25331337371,0.215586069,8.24772E-10,52.83272727,5461083453
NEM,36.61,26.34,0.8101539,-1.18,42.04,31.42,19749449484,1509000000,3.7076392,1.81,539455052.8,-636556962.3,5326691304,749789274.3,20.22651934,10911298057,-0.058339252,1.08051E-09,20.22651934,-636556962
NFLX,250.1,200.08,0,1.25,286.81,138.26,1.15E+11,809028000,9.861594,30.8,459816073.6,574770092,11661400784,574770092,8.12012987,3733766234,0.153938425,0,8.12012987,574770092
NFX,26.38,13.12,0,-6.5,43.74,24.41,5695123080,896000000,4.703259,4.51,215887910.5,-1403271418,1210888680,434079503,5.849223947,1262776736,-1.111258529,0,5.849223947,-1403271418
NI,22.51,19.57,3.3780859,1.02,27.76,21.93,7776566371,1448600000,2.2361343,1.82,345471629.1,352381061.7,3477683058,397371812.5,12.36813187,4272838665,0.082470013,8.50107E-09,12.36813187,352381062
NKE,62.49,24.9,1.2189548,2.51,68.83,50.35,1.07E+11,5162000000,3.0549932,8.91,1712273964,4297807649,35024627878,4297188755,7.013468013,12008978676,0.357882861,2.83663E-10,7.013468013,4297807650
NLSN,33.9,18.73,3.6208732,1.39,45.73,34.22,13377670080,1836000000,2.7288198,3.02,394621536.3,548523935.4,4902364781,714237591,11.22516556,4429692079,0.123828909,5.06956E-09,11.22516556,548523935
NOC,324.01,24.4,1.3030859,11.47,349.18,231.98,58782413951,3884000000,2.209576,7.96,181421604.1,2080905799,26603481370,2409115326,40.70477387,7384725371,0.28178513,5.40898E-10,40.70477387,2080905799
NOV,32.64,-77.71,0.5873715,-6.4,41.895,29.9,12940096785,353000000,2.5209634,0.91,396449043.7,-2537273879,5132996689,-166517781.3,35.86813187,14219886577,-0.178431373,-3.52738E-09,35.86813187,-2537273880
NRG,24,17.78,1.4195584,-2.23,29.78,14.52,8030036023,1774000000,0.9933021,6.73,334584834.3,-746124180.5,8084183073,451633072.2,3.566121842,1193170286,-0.625329167,3.14317E-09,3.566121842,-746124180
NSC,136.89,20.65,2.018503,18.73,157.1499,109.27,40543547441,4737000000,3.8525908,3.09,296176108.1,5547378505,10523709770,1963367915,44.30097087,13120889139,0.422789831,1.02808E-09,44.30097087,5547378505
NTAP,55.85,26.1,1.3881658,1.81,64.0599,37.43,15375210915,1075000000,3.6687026,5.46,275294734.4,498283469.2,4190912317,589088540.8,10.22893773,2815972695,0.17694897,2.35646E-09,10.22893773,498283469
NTRS,96.2,19.96,1.6678249,4.92,108.91,83.17,22908130223,0,4.031728,2.44,238130251.8,1171600839,5681963223,1147701915,39.42622951,9388577960,0.124790021,1.45319E-09,39.42622951,1171600839
NUE,60.38,17.01,2.415766,4.1,70.48,51.67,20003317128,2648729000,0.99837583,2.34,331290446,1358290828,20035858769,1175973964,25.8034188,8548426123,0.158893673,2.05427E-09,25.8034188,1358290829
NVDA,217.52,82.08,0.26223776,2.57,249.27,95.17,1.39E+11,3098000000,20.094294,20.39,639021699.2,1642285767,6917386597,1693469786,10.6679745,6817067190,0.240907962,1.54852E-10,10.6679745,1642285767
NWL,27.91,9.72,3.1228786,1.17,55.08,23.85,14438346000,2021400000,1.2810479,1.01,517318022.2,605262086,11270730782,1485426543,27.63366337,14295392079,0.042339663,2.10234E-09,27.63366337,605262086
NWS,15.85,44.03,1.2269939,-1.28,17.7,12.35,9496735699,679000000,1.5718216,0.86,599163135.6,-766928813.5,6041866137,215687842.4,18.43023256,11042715929,-0.069451104,5.68875E-09,18.43023256,-766928814
NWSA,15.65,43.47,1.24533,-1.28,17.29,12,9356906461,679000000,1.5518167,0.85,597885396.9,-765293308,6029646711,215249746.1,18.41176471,11008125248,-0.069520767,5.78551E-09,18.41176471,-765293308
O,47.56,15.54,5.372036,1.12,63.6,48.89,13784942453,1075568000,15.588069,1.92,289843197.1,324624380.7,884326497,887061933.9,24.77083333,7179657528,0.045214466,6.05599E-09,24.77083333,324624381
OKE,54.4,34,5.4436197,1.66,61.36,47.14,21988472489,1851783000,2.6159565,4.03,404199861.9,670971770.8,8405519162,646719779.1,13.49875931,5456196647,0.122974265,8.41728E-09,13.49875931,670971771
OMC,75.91,15.27,3.1838684,4.79,86.71,65.32,17377551986,2366000000,1.5327156,6.66,228923093,1096541615,11337753714,1138019122,11.3978979,2609242040,0.420252931,2.79773E-09,11.3978979,1096541615
ORCL,46.84,18.81,1.5551463,2.2,53.14,40.01,2.02E+11,16545000000,5.2561646,3.56,4312553373,9487617421,38431064354,10738968634,13.15730337,56741573034,0.167207515,1.44813E-10,13.15730337,9487617421
ORLY,252.22,21.91,0,10.73,279.23,169.43,21433781860,1965187000,3.1934319,34.12,84980500.59,911840771.4,6711833078,978264804.2,7.392145369,628188214,1.451540718,0,7.392145369,911840771
OXY,68.47,195.63,4.4081864,-0.75,78.09,57.2,53467692395,5205000000,6.044895,3.25,780892250.5,-585669187.9,8845098615,273310291.9,21.06769231,16451597660,-0.035599533,1.61289E-08,21.06769231,-585669188
PAYX,61.86,27.49,3.0892801,2.26,73.1,54.2,23253666810,1414900000,7.248487,11.77,375907966.5,849552004.4,3208071810,845895482.4,5.255734919,1975672626,0.430006466,3.65208E-09,5.255734919,849552004
PBCT,18.56,18.02,3.59375,0.97,20.14,15.965,6527616000,0,3.9272704,1.17,351703448.3,341152344.8,1662125429,362242841.3,15.86324786,5579158974,0.061147629,9.92083E-09,15.86324786,341152345
PCAR,66.98,15.72,1.455816,4.75,79.69,61.93,24152102921,3619200000,1.28693,3.07,360586785.9,1712787233,18767223486,1536393316,21.81758958,7867134502,0.217714243,9.47554E-10,21.81758958,1712787233
PCG,38.24,8.75,0,2.78,71.57,38.45,20309412381,6471000000,1.5730644,1.09,531103880.3,1476468787,12910731678,2321075701,35.08256881,18632488423,0.079241632,0,35.08256881,1476468787
PCLN,1806.06,24.26,0,42.66,2067.99,1589,91817448863,4803487000,9.176564,6.92,50838537.4,2168772006,10005645780,3784725839,260.9913295,13268417466,0.163453706,0,260.9913295,2168772005
PDCO,32.88,14.05,3.0723782,1.79,48.295,32.07,3209792400,359644000,0.7872792,2.34,97621423.36,174742347.8,4077069990,228454975.1,14.05128205,1371706154,0.127390511,1.34485E-08,14.05128205,174742348
PEG,46.73,16.11,3.60587,1.75,53.28,41.67,24138050331,3613000000,3.4491453,1.88,516542913.1,903950098,6998270073,1498327147,24.85638298,12839388474,0.070404451,2.4066E-09,24.85638298,903950098
PEP,110.15,21.51,2.8370044,4.36,122.51,104.77,1.61E+11,12843000000,3.6705062,3.25,1461643214,6372764412,43863159801,7484890748,33.89230769,49538461538,0.12864276,3.79031E-10,33.89230769,6372764413
PFE,33.63,12.69,3.8879359,3.51,39.43,31.67,2.09E+11,20569000000,4.0020885,3.4,6214689266,21813559322,52222733205,16469661151,9.891176471,61470588235,0.354861731,2.36067E-10,9.891176471,21813559324
PFG,60.38,11.96,3.1914895,4.5,75.585,58.9401,18457199721,0,1.7167546,1.53,305683996.7,1375577985,10751216115,1543244124,39.46405229,12063529229,0.114027824,2.06804E-09,39.46405229,1375577985
PG,80.22,20.46,3.3704789,5.6,94.67,80.1,2.06E+11,17249000000,3.1595004,3.85,2567938170,14380453752,65200181649,10068426197,20.83636364,53506493506,0.268760908,3.34757E-10,20.83636364,14380453752
PGR,51.07,20.76,2.1061797,2.73,58.25,36.84,31062780000,0,1.1458876,3.25,608239279.4,1660493233,27108051435,1496280347,15.71384615,9557778462,0.173732132,1.40761E-09,15.71384615,1660493233
PH,174.51,21.6,1.4401833,7.24,212.8,145.38,24421668509,2092089000,1.8652664,4.39,139944235.3,1013196264,13092858215,1130632801,39.75170843,5563022439,0.182130537,1.27379E-09,39.75170843,1013196264
PHM,28.67,12.86,1.2036108,1.44,35.21,21.06,8792572352,992811000,1.0341544,1.99,306681979.5,441622050.5,8502185314,683714801.9,14.40703518,4418378066,0.099951168,1.7604E-09,14.40703518,441622050
PKG,111.95,18.57,2.1514556,7.07,131.1316,88.47,11051273948,1214900000,1.741522,5.54,98716158.54,697923240.8,6345756154,595114375.2,20.20758123,1994814792,0.349868691,3.6152E-09,20.20758123,697923241
PKI,72.06,24.68,0.3695394,2.64,84.49,52.63,8351767268,445658000,3.7116463,3.25,115900184.1,305976486.1,2250151710,338402239.4,22.17230769,2569774544,0.119067444,1.09201E-09,22.17230769,305976486
PLD,58.33,20.76,2.931379,3.06,67.53,48.69,31953288000,2969194000,14.380373,2.11,547801954.4,1676273980,2222006898,1539175723,27.64454976,15143738389,0.110690897,1.90451E-09,27.64454976,1676273980
PM,100.39,22.36,4.328479,4.48,123.55,96.66,1.54E+11,11802000000,2.7574685,1318.7,1534017332,6872397649,55848326101,6887298748,0.076128005,116781678.9,58.84825182,6.28473E-10,0.076128005,6872397647
PNC,149.38,17.55,1.9354838,10.4,160.07,115.25,73315000000,0,4.04653,1.53,490795287.2,5104270987,18117992453,4177492877,97.63398693,47918300654,0.106520284,4.63312E-10,97.63398693,5104270987
PNR,66.67,18.89,2.03933,3.63,74.84,57.63,12466660892,863700000,2.5191512,2.48,186990563.9,678775746.8,4948754522,659960873.1,26.88306452,5026879392,0.135029249,3.09008E-09,26.88306452,678775747
PNW,74.34,16.06,3.698776,3.95,92.48,73.81,8397609889,1614399000,2.9931207,1.65,112962199.2,446200686.9,2805636902,522889781.4,45.05454545,5089460539,0.087671509,7.07372E-09,45.05454545,446200687
PPG,110.3,18.73,1.5771489,6.31,122.0697,99.57,29043337549,2585000000,1.9551051,4.83,263312217.1,1661500090,14855128529,1550632010,22.83643892,6013113364,0.276312783,1.0171E-09,22.83643892,1661500090
PPL,29.52,12.83,5.2196894,2.79,40.2,29.205,20839814845,3937000000,3.7497053,1.95,705955787.4,1969616647,5557720721,1624303573,15.13846154,10687084536,0.18429878,3.21349E-09,15.13846154,1969616647
PRGO,84.44,-3.01463,0.73126143,-28.01,95.93,63.68,12326379902,0,3.3850067,2.03,145977971.4,-4088842978,3641463960,-4088853326,41.59605911,6072108326,-0.673381099,-1.78843E-10,41.59605911,-4088842979
PRU,103.38,9.99,2.6985698,9.73,127.14,97.88,47136080000,0,1.083727,0.93,455949700.1,4436390582,43494422488,4718326326,111.1612903,50683956989,0.08753047,5.71934E-10,111.1612903,4436390582
PSA,180.49,18.21,4.316159,6.81,232.21,180.9254,32258539942,1924803000,16.16417,6.56,178727574.6,1217134783,1995681804,1771473912,27.51371951,4917460357,0.247512882,2.43648E-09,27.51371951,1217134783
PSX,92.44,21.11,2.928564,9.93,107.47,75.135,47996220000,5311000000,0.47499472,2.12,519214842.1,5155803382,1.01E+11,2273624822,43.60377358,22639726415,0.227732583,1.28806E-09,43.60377358,5155803382
PVH,142.68,20.98,0.100529455,6.77,157.96,84.53,11478625926,1057500000,1.7617522,2.14,80450139.66,544647445.5,6515459964,547122303.4,66.6728972,5363843891,0.10154051,1.83742E-10,66.6728972,544647445
PWR,33.51,17.54,0,1.28,40.105,30.23,5330131216,649404000,0.77893436,1.43,159060913.6,203597969.5,6842850296,303884333.9,23.43356643,3727364487,0.054622501,0,23.43356643,203597969
PX,144.07,24.63,2.1998534,4.32,166.95,115.53,42948664203,3632000000,3.887915,6.88,298109698.1,1287833896,11046708635,1743754129,20.94040698,6242538402,0.206299715,1.26156E-09,20.94040698,1287833896
PXD,169.16,118.29,0.1816118,-3.39,199.83,125.46,29983119693,1717000000,6.7890477,2.76,177247101.5,-600867674.2,4416395497,253471296.8,61.28985507,10863449164,-0.055310948,7.16498E-10,61.28985507,-600867674
PYPL,72.32,49.53,0,1.47,86.32,39.92,90708000000,2932000000,6.935696,5.81,1254258850,1843760509,13078427890,1831374924,12.4475043,15612392427,0.118095962,0,12.4475043,1843760510
QCOM,62.42,16.51,3.5055351,1.65,69.28,48.92,96282828902,4191000000,4.263658,3.82,1542499662,2545124442,22582212012,5831788546,16.34031414,25204929032,0.100977251,6.01108E-10,16.34031414,2545124442
QRVO,76.85,19.71,0,-0.13,85.24,62.68,9877885146,806875000,3.389142,1.98,128534614.8,-16709499.92,2914568096,501161093.2,38.81313131,4988830882,-0.003349382,0,38.81313131,-16709500
RCL,122.45,16.26,1.8674136,7.53,135.65,93.4,27418147452,2876309000,3.1026611,2.56,223913004.9,1686064927,8836977861,1686232931,47.83203125,10710213848,0.157425888,1.10745E-09,47.83203125,1686064927
RE,241.06,27.24,2.1078234,23.71,277.17,208.81,10131892523,0,2.0991988,1.16,42030583.77,996545141.1,4826552170,371949064.7,207.8103448,8734390106,0.114094416,5.66697E-09,207.8103448,996545141
REG,55.58,15.27,3.6850338,1.43,72.05,56.66,9858367494,487636000,13.762162,1.51,177372571,253642776.5,716338573.4,645603634.2,36.80794702,6528720195,0.038850306,5.70789E-09,36.80794702,253642777
REGN,322.62,27.93,0,7.74,543.5518,319.5,35950369241,2043160000,8.48541,5.89,111432549.9,862487936,4236727423,1287159658,54.77419355,6103628054,0.14130742,0,54.77419355,862487936
RF,17.9,17.9,1.8987342,1,19.9,13,21500640000,0,3.474771,1.32,1201153073,1201153073,6187642294,1201153073,13.56060606,16288363636,0.073743017,1.58076E-09,13.56060606,1201153073
RHI,52.26,20.18,1.7075773,2.32,60.59,42.92,7047165475,565196000,1.3330402,5.98,134848172.1,312847759.3,5286536351,349215335.7,8.739130435,1178455765,0.265472637,4.88975E-09,8.739130435,312847759
RHT,124.65,79.9,0,1.68,135.77,78.48,22799923883,541809000,8.202077,15.69,182911543.4,307291392.9,2779774426,285355743.2,7.944550669,1453150024,0.211465704,0,7.944550669,307291393
RJF,86.06,16.94,1.0982976,4.12,99.1,71.35,13216271700,0,1.9734555,2.34,153570435.7,632710195.3,6697020379,780181328.2,36.77777778,5647979359,0.112024169,1.40775E-09,36.77777778,632710195
RL,101.32,17.74,1.8570102,-1.19,119.33,66.06,8753430477,506100000,1.3948758,2.44,86393905.22,-102808747.2,6275419272,493429001,41.52459016,3587471507,-0.028657718,3.76348E-09,41.52459016,-102808747
RMD,89.26,31.54,1.5120423,2.41,104.78,67.04,13233622689,636942000,6.1640687,6.61,148259272.8,357304847.4,2146897339,419582203.2,13.50378215,2002060921,0.178468519,3.60369E-09,13.50378215,357304847
ROK,178.73,26.48,1.7692552,6.35,210.72,147.67,24123216432,1323200000,3.760594,10.94,134970158.5,857060506.6,6414735659,910997599.4,16.33729433,2205047206,0.388681251,1.94211E-09,16.33729433,857060506
ROP,259.4,27.57,0.61985797,9.38,290.415,191.22,27247789759,1555209000,5.9715905,4.23,105041595.1,985290161.7,4562903260,988313012.7,61.32387707,6441557863,0.152958365,6.27188E-10,61.32387707,985290162
ROST,75.06,26.52,0.82061803,2.83,85.66,52.85,29803566306,2247009000,2.9734495,10.28,397063233.5,1123688951,10023229352,1123814717,7.30155642,2899179602,0.387588596,7.30208E-10,7.30155642,1123688951
RRC,12.82,35.61,0.6097561,-2.79,34.09,12.7,3255587970,820095000,1.9624339,0.59,253946019.5,-708509394.4,1658954205,91423419.55,21.72881356,5517945712,-0.128400936,6.66958E-09,21.72881356,-708509394
RSG,62.72,26.13,2.1362228,1.77,69.4,57.53,21590903863,2734000000,2.8841186,2.83,344242727.4,609309627.5,7486135925,826287939.6,22.16254417,7629294651,0.079864477,2.58532E-09,22.16254417,609309627
RTN,198.74,25.78,1.5612764,6.95,213.45,147.86,59066255840,3868000000,2.2938328,5.28,297203662.3,2065565453,25750026698,2291165859,37.64015152,11186790879,0.184643252,6.81433E-10,37.64015152,2065565453
SBAC,159.85,199.81,0,0.62,177.67,103.51,19572031314,1074240000,15.189207,91.04,122439983.2,75912789.58,1288548593,97953212.12,1.755821617,214982769.3,0.353111042,0,1.755821617,75912790
SBUX,53.77,25.98,2.203452,1.97,64.87,52.58,76548976000,7361500000,3.4392443,13.36,1423637270,2804565422,22257498835,2946457891,4.024700599,5729713772,0.489477404,7.47831E-10,4.024700599,2804565422
SCG,35.6,8.75,6.6830335,4.16,71.28,35.31,5229448882,1459000000,1.651705,0.92,146894631.5,611081667.1,3166091331,597651300.8,38.69565217,5684183567,0.107505618,1.11822E-08,38.69565217,611081667
SCHW,48.9,29.82,0.76878726,1.61,56.25,37.16,69750188843,0,7.949615,4.51,1426384230,2296478610,8774033566,2339040538,10.84257206,15465673801,0.148488753,3.28676E-10,10.84257206,2296478610
SEE,42.62,21.31,1.4427412,2.46,50.62,41.22,8001938397,969700000,2.4700067,10.55,187750783.6,461866927.7,3239642385,375501567.2,4.039810427,758477573.2,0.608939465,3.84217E-09,4.039810427,461866928
SHW,387.65,26.75,0.8426688,18.61,435.15,302.0101,37730994828,2160668000,2.5276077,13.42,97332632.09,1811360283,14927551783,1410504480,28.88599106,2811549540,0.644256933,5.97424E-10,28.88599106,1811360283
SIG,49.38,6.65,2.4730754,7.03,77.94,46.09,3034275549,852700000,0.7564699,1.38,61447459.48,431975640.1,4011098854,456282037.4,35.7826087,2198750398,0.196464156,5.42006E-09,35.7826087,431975640
SJM,118.37,15.35,2.6036885,5.1,143.68,99.565,13612394896,1411300000,2.496677,1.88,114998689.7,586493317.3,5452205029,886800970.4,62.96276596,7240635583,0.081000253,2.93605E-09,62.96276596,586493317
SLB,67.4,44.93,2.8673835,-1.08,82.71,61.02,96529311126,3222000000,3.2297828,2.64,1432185625,-1546760475,29887245398,2148437817,25.53030303,36564133002,-0.042302671,1.33464E-09,25.53030303,-1546760475
SLG,90.61,14.07,3.4998922,0.88,115.34,91.2,8617714345,795889000,6.5820084,1.32,95107762.33,83694830.85,1309283401,612488581.7,68.64393939,6528571473,0.012819777,5.71422E-09,68.64393939,83694831
SNA,156.72,15.81,1.968433,9.2,185.47,140.83,9499107736,982200000,3.5114813,3.21,60611968.71,557630112.1,2705156862,600829078.8,48.82242991,2959223594,0.188437979,3.27619E-09,48.82242991,557630112
SNI,86.46,16.04,1.3761468,5.18,88.87,64.87,11328642413,1351059000,4.374079,4.22,131027555.1,678722735.4,2589949201,706274464.7,20.48815166,2684512420,0.252829054,1.94846E-09,20.48815166,678722735
SNPS,82.62,67.72,0,0.87,94.8,64.75,12767067883,579844000,6.276264,3.98,154527570.6,134438986.4,2034182737,188527287.1,20.75879397,3207806001,0.041909949,0,20.75879397,134438986
SO,43.4,15.78,5.3530226,2.53,53.51,42.63,43497224128,6012000000,2.5080602,1.82,1002240187,2535667674,17342974514,2756478082,23.84615385,23899573697,0.106096774,1.94198E-09,23.84615385,2535667673
SPG,152.18,13.56,5.0368075,6.25,187.35,150.15,48139839531,4411515000,8.754495,13.24,316334863.5,1977092897,5498871098,3550135659,11.4939577,3635939542,0.543763964,1.41876E-09,11.4939577,1977092897
SPGI,173.31,27.38,1.0947506,7.95,185.38,124.64,46585950000,3021000000,10.254704,50.56,268801280.9,2136970183,4542885879,1701459094,3.427808544,921399327.5,2.319266055,6.43419E-10,3.427808544,2136970183
SRCL,70.55,16.26,0,2.08,88,61.25,6218560288,305085000,2.2607324,2.15,88144015.42,183339552.1,2750683932,382445282.2,32.81395349,2892353622,0.063387668,0,32.81395349,183339552
SRE,103.36,19.14,3.1607263,5.45,122.975,100.63,26163862235,3763000000,3.15303,1.98,253133342.1,1379576714,8298006120,1366972949,52.2020202,13214071836,0.10440209,2.31221E-09,52.2020202,1379576714
STI,65.8,16.25,2.3185046,4.48,72.06,51.96,32498948310,0,3.3089445,1.38,493904989.5,2212694353,9821545302,1999935281,47.68115942,23549962543,0.093957447,1.15929E-09,47.68115942,2212694353
STT,98.54,15.35,1.6228749,5.23,114.27,75.27,38059113300,0,3.263072,1.95,386230092.3,2019983383,11663583672,2479421062,50.53333333,19517494000,0.103496042,6.54538E-10,50.53333333,2019983383
STX,47.44,11.51,5.085772,2.58,56.45,30.6,14113197720,1811000000,1.3048558,13.33,297495736.1,767538999.1,10815906033,1226168351,3.558889722,1058754518,0.724945194,4.14769E-09,3.558889722,767538999
STZ,208.73,30.92,0.9712818,8.71,229.5,152.01,41697453163,3033300000,5.145596,5.14,199767418,1739974211,8103522539,1348559287,40.60894942,8112344973,0.214484741,7.20237E-10,40.60894942,1739974211
SWK,152.86,20.57,1.5775635,8.05,176.62,121.09,24496399600,2264600000,1.944325,3.34,160253824.4,1290043287,12598922300,1190879903,45.76646707,7334251377,0.175892974,1.3247E-09,45.76646707,1290043286
SWKS,99.04,16.45,1.2629502,5.41,117.65,90.53,18493080922,1122900000,6.9704437,4.25,186723353.4,1010173342,2653070840,1124199448,23.30352941,4351313158,0.232153675,1.12342E-09,23.30352941,1010173342
SYF,34.98,13.35,1.6,2.41,40.59,26.01,28893750000,0,2.1096623,1.97,826007718.7,1990678602,13695912374,2164325843,17.75634518,14666878173,0.135726129,7.3926E-10,17.75634518,1990678602
SYK,148.01,23.46,1.2234008,2.68,170,122.01,57509096756,2863000000,4.635566,5.54,388548724.8,1041310582,12406057158,2451368148,26.7166065,10380703386,0.100312141,4.99069E-10,26.7166065,1041310582
SYMC,25.59,39.37,1.1286682,-0.17,34.2,25.65,16520497264,1227000000,3.5516493,3.36,645584105.7,-109749298,4651500153,419621469.7,7.616071429,4916814662,-0.022321219,2.68973E-09,7.616071429,-109749298
SYY,57,22.98,2.4644873,2.08,64.27,48.85,30445320778,2988725000,0.7295535,13.4,534128434.7,1110987144,41731443654,1324861653,4.253731343,2272038864,0.488982456,1.86018E-09,4.253731343,1110987144
T,35.57,12.14,5.4156513,4.76,42.7,32.55,2.27E+11,49653000000,1.4083152,1.8,6381782401,30377284228,1.61E+11,18698517298,19.76111111,1.26E+11,0.240877144,2.8963E-10,19.76111111,30377284229
TAP,74.51,17.66,2.1533613,9.27,102.14,75.79,12396862128,4708400000,1.2371694,1.34,166378501.2,1542328707,10020343316,701974072.9,55.60447761,9251389648,0.166713193,3.06758E-09,55.60447761,1542328706
TDG,283,23.76,0,7.92,321.38,203.72,15241203731,1635916000,4.268832,3.25,53855843.57,426538281.1,3570345174,641464803.5,87.07692308,4689601148,0.090954064,0,87.07692308,426538281
TEL,95.27,19.72,1.6062645,4.71,108.23,71.93,34983666316,2797000000,2.5734365,3.6,367205482.5,1729537822,13594143985,1774019590,26.46388889,9717685088,0.177978377,9.05438E-10,26.46388889,1729537823
TGT,71.11,14.19,3.3856654,4.71,78.7,48.56,39816696539,7105000000,0.8047394,3.45,559931044,2637275217,49477752101,2805968748,20.6115942,11541071461,0.228512164,1.20659E-09,20.6115942,2637275217
TIF,99.62,27,1.9402406,3.55,111.44,77.93,12810515320,949500000,4.516748,3.97,128593809.7,456508024.4,2836225382,474463530.4,25.09319899,3226830055,0.141472596,4.08934E-09,25.09319899,456508024
TJX,74.36,21.01,1.64042,3.46,81.46,66.44,48181450881,4600216000,1.9293598,10.35,647948505.7,2241901830,24972766034,2293262774,7.184541063,4655212646,0.481589564,7.15321E-10,7.184541063,2241901830
TMK,80.52,17.02,0.7204611,4.5,93.595,73.53,9614412169,0,3.1079664,1.88,119404025.9,537318116.7,3093473652,564889081.6,42.82978723,5114049026,0.105067064,1.2754E-09,42.82978723,537318117
TMO,198.73,21.84,0.3276319,5.6,226.44,151.69,83226586345,4751300000,4.015666,3.38,418792262.6,2345236671,20725475262,3810741133,58.79585799,24623250398,0.095244805,8.59759E-11,58.79585799,2345236671
TPR,48.85,23.3732,0,2.09,50.71,36.69,14247199374,0,4.0785494,4.35,291651983.1,609552644.7,3493202601,609552794.4,11.22988506,3275218247,0.186110542,0,11.22988506,609552645
TRIP,40.05,58.04,0,0.81,53.29,29.5,5700998508,234000000,4.5925775,3.49,142347028.9,115301093.4,1241350529,98225336.11,11.4756447,1633523928,0.07058427,0,11.4756447,115301093
TROW,101.99,19.92,2.140443,4.75,120.07,66.7,25810865035,2281400000,7.3911157,4.61,253072507.5,1202094410,3492147340,1295726156,22.12364425,5598886125,0.214702422,1.65193E-09,22.12364425,1202094411
TRV,135.01,16.48,2.0261714,7.31,150.55,113.76,38903131815,0,1.33382,1.63,288150002.3,2106376517,29166703015,2360626931,82.82822086,23866952034,0.088254944,8.58319E-10,82.82822086,2106376517
TSCO,65.94,19.57,1.6030874,3.3,82.68,49.87,8459271203,859519000,1.1642125,6.01,128287400.7,423348422.4,7266088625,432257087.5,10.97171381,1407532646,0.30077343,3.70864E-09,10.97171381,423348422
TSN,73.92,13.92,1.6353229,4.79,84.65,57.2,26957526800,2521000000,0.93730986,2.55,364685156.9,1746841902,28760528349,1936603937,28.98823529,10571579137,0.165239448,8.44428E-10,28.98823529,1746841902
TSS,81.17,25.85,0.6091133,3.16,89.92,50.96,15694951118,1097534000,3.175548,6.57,193359013.4,611014482.4,4942438634,607154782.1,12.35464231,2388881449,0.255774301,1.00323E-09,12.35464231,611014482
TWX,93.02,15.35,1.6927768,6.62,103.9,85.88,74185800000,7671000000,2.3735986,2.73,797525263.4,5279617244,31254568485,4832951140,34.07326007,27174285714,0.19428725,3.50257E-10,34.07326007,5279617244
TXN,97.66,24.05,2.4318495,3.6,120.75,74.52,1.00E+11,7013000000,6.9572234,9.32,1023960680,3686258448,14373550230,4158004158,10.47854077,10729613734,0.343559287,5.8486E-10,10.47854077,3686258448
TXT,55.54,22.13,0.1381454,1.14,62.19,45,15254672353,1454000000,1.0645695,2.57,274661007.4,313113548.5,14329428330,689320937.8,21.61089494,5935670176,0.05275117,2.00408E-10,21.61089494,313113548
UA,11.95,29.15,0,0.45,21.805,10.36,5366628950,399277000,1.4738787,2.5,449090288.7,202090629.9,3641160531,184103909.1,4.78,2146651580,0.094142259,0,4.78,202090630
UAA,13.14,32.05,0,0.45,23.46,11.4,5856913571,399277000,1.602308,2.72,445731626.4,200579231.9,3655298214,182743013.1,4.830882353,2153277048,0.093150685,0,4.830882353,200579232
UAL,63.37,8.85,0,7.05,83.04,56.51,19363059152,5929000000,0.5020496,2.09,305555612.3,2154167067,38568020275,2187916288,30.32057416,9264621604,0.232515386,0,30.32057416,2154167067
UDR,32.92,17.79,3.668639,1.08,40.71,33.31,9050154422,665141000,12.365829,3.27,274913560.8,296906645.7,731867990.6,508721440.2,10.06727829,2767631322,0.10727825,7.21149E-09,10.06727829,296906646
UHS,114.87,15.36,0.34153005,7.14,129.74,95.26,11116075286,1676204000,1.3158662,2.21,96770917.44,690944350.5,8447724614,723702818.1,51.97737557,5029898319,0.137367459,4.7192E-10,51.97737557,690944351
ULTA,209.09,32.07,0,6.52,314.86,187.96,13300000127,1002093000,3.3779113,8.04,63608972.82,414730502.8,3937344396,414717808.8,26.00621891,1654228872,0.250709264,0,26.00621891,414730503
UNH,216.46,21.47,1.3284917,10.71,250.79,156.49,2.19E+11,17454000000,1.0903316,4.71,1011734270,10835674028,2.01E+11,10200279460,45.95753715,46496815287,0.233041209,1.30241E-10,45.95753715,10835674032
UNM,47.87,11.51,1.8189007,4.38,58.73,43.55,11256432318,0,0.9984924,1.19,235145860,1029938867,11273428138,977969793,40.22689076,9459186822,0.10888239,1.85987E-09,40.22689076,1029938867
UNP,124.86,22.06,2.062655,13.52,143.05,101.06,1.02E+11,10169000000,4.8605075,3.25,816914944.7,11044690053,20985462938,4623753400,38.41846154,31384615385,0.351914144,4.461E-10,38.41846154,11044690052
UPS,109.28,18.27,2.9666696,5.62,135.53,102.12,96436356833,7919000000,1.4744618,64.7,882470322.4,4959483212,65404445767,5278399389,1.689026275,1490515562,3.327360908,5.6204E-10,1.689026275,4959483212
URI,161.99,16.33,0,15.72,189,100.621,14654954091,2760000000,2.1782618,4.53,90468264.03,1422161111,6727820362,897425235.2,35.7593819,3235089203,0.439604914,0,35.7593819,1422161111
USB,52.65,15.35,2.189781,3.52,58.5,49.535,90940115897,0,3.7773547,2.09,1727257662,6079946970,24075079816,5924437518,25.19138756,43512017176,0.139730294,3.69618E-10,25.19138756,6079946970
UTX,127.48,19.26,2.1216943,5.7,139.24,107.05,1.05E+11,10584000000,1.7324123,3.4,823658613.1,4694854095,60609128670,5451713396,37.49411765,30882352941,0.152023847,3.89179E-10,37.49411765,4694854095
V,113.86,32.72,0.70204765,2.8,126.88,84.88,2.70E+11,13086000000,14.433654,9.4,2371333216,6639733005,18706281860,8251833741,12.11276596,28723404255,0.231161075,8.50778E-11,12.11276596,6639733005
VAR,112.82,29.93,0,2.69,130.29,77.73,10692681720,500600000,3.9652252,7.32,94776473.32,254948713.2,2696613983,357256322.1,15.41256831,1460748869,0.174532884,0,15.41256831,254948713
VFC,78.75,25.9,2.2865665,2.55,82.95,48.05,31797645904,1624441000,3.7110944,7.89,403779630.5,1029638058,8568266521,1227708336,9.980988593,4030119886,0.255485714,1.86247E-09,9.980988593,1029638058
VIAB,32.71,8.68,2.622091,4.68,46.72,22.13,10601008017,5600000000,1.0924768,2.08,324090737.3,1516744651,9703645896,1221314288,15.72596154,5096638470,0.297597065,2.14694E-09,15.72596154,1516744651
VLO,86.77,18.74,3.5618877,9.24,99.95,60.69,39312309113,5401000000,0.4211918,1.93,453063375.7,4186305592,93335884300,2097775300,44.95854922,20369072079,0.205522646,1.69794E-09,44.95854922,4186305591
VMC,121.47,40.9,0.7797879,3.1,141.2,108.95,16964162228,970976000,5.7576876,3.54,139657217.7,432937374.7,2946349890,414771692.6,34.31355932,4792136223,0.090343295,1.88004E-09,34.31355932,432937375
VNO,66.18,16.22,3.744428,4.33,111.72,66.0101,12778779911,0,7.1491003,3.63,193091264.9,836085177,1787466866,787840931.6,18.23140496,3520325044,0.237502267,4.75277E-09,18.23140496,836085177
VRSK,92.28,28.84,0,3.45,100.54,75.6,15594677147,1011200000,9.935474,9.34,168993033.7,583025966.2,1569595688,540730830.3,9.880085653,1669665647,0.349187256,0,9.880085653,583025966
VRSN,105.62,29.5,0,3.43,118.28,81.17,10754983829,767864000,12.401829,10.82,101827152.3,349267132.5,867209492.2,364575723,9.76155268,993991111.7,0.351378527,0,9.76155268,349267132
VRTX,151.6,252.67,0,1.04,174.955,84.39,39369386348,97562000,16.185404,21.91,259692522.1,270080223,2432400597,155813457.7,6.91921497,1796868386,0.150306069,0,6.91921497,270080223
VTR,50.92,12.21,5.965641,1.86,72.36,51.8,18865999082,1935931000,7.0740495,1.76,370502731.4,689135080.4,2666930601,1545126870,28.93181818,10719317660,0.064289081,3.86094E-09,28.93181818,689135080
VZ,49.04,13.08,4.626544,7.36,54.77,42.8,2.08E+11,45745000000,1.6452544,7.96,4241435563,31216965742,1.26E+11,15902140673,6.16080402,26130653266,1.194649266,2.90938E-10,6.16080402,31216965744
WAT,191.79,26.64,0,0.19,220.2,145.94,16064078572,773932000,6.9824114,6.15,83758686.96,15914150.52,2300649110,603005952.4,31.18536585,2612045296,0.006092601,0,31.18536585,15914151
WBA,68.22,13.38,2.2368238,3.78,88,63.82,70862541911,7083000000,0.5904388,3.06,1038735589,3926420528,1.20E+11,5296154104,22.29411765,23157693435,0.169551451,4.22349E-10,22.29411765,3926420526
WDC,80.09,10.19,2.389201,1.29,95.77,71.38,24760297793,5169000000,1.245503,2,309155922,398811139.4,19879757651,2429862394,40.045,12380148897,0.03221376,9.83266E-10,40.045,398811139
WEC,59.5,19.57,3.691948,3.79,70.09,56.63,18890296993,2736500000,2.4834197,2.1,317483983.1,1203264296,7606566459,965268114.1,28.33333333,8995379520,0.133764706,3.82479E-09,28.33333333,1203264296
WFC,55.4,13.58,2.7111576,4.07,66.31,49.27,2.81E+11,0,2.8728192,1.58,5072202166,20643862816,97813325670,20692194404,35.06329114,1.78E+11,0.116075812,1.31023E-10,35.06329114,20643862816
WHR,164.95,11.77,2.5652986,4.51,202.99,158.8,12177920000,1842000000,0.58064795,2.57,73827947.86,332964044.9,20972983716,1034657604,64.18287938,4738490272,0.07026796,2.47937E-09,64.18287938,332964045
WLTW,152.36,18.67,1.347058,3.07,165,120.869,20780269334,1440000000,3.4484663,2.1,136389271,418715062.1,6025945312,1113029959,72.55238095,9895366350,0.042314256,1.21026E-09,72.55238095,418715062
WM,79.12,25.36,2.0800195,2.66,89.73,69.55,35488486675,3896000000,3.2787669,6.73,448540023.7,1193116463,10823729700,1399388276,11.75631501,5273177812,0.226261375,1.48638E-09,11.75631501,1193116463
WMB,28.56,48.41,4,-0.57,33.67,26.8188,24802396470,3955000000,4.2982845,3.01,868431248.9,-495005811.9,5770301261,512340352.6,9.488372093,8239998827,-0.060073529,7.80731E-09,9.488372093,-495005812
WMT,100.02,23.1,1.983471,4.39,109.98,66.89,3.05E+11,30721000000,0.82099426,3.89,3049390122,13386822635,3.72E+11,13203463203,25.71208226,78406169666,0.170736853,1.50224E-10,25.71208226,13386822636
WRK,60.93,23.26,2.6699784,2.77,71.55,49.23,16433340688,2262300000,1.075785,1.58,269708529.3,747092626.1,15275673753,706506478.4,38.56329114,10400848537,0.071829969,3.77913E-09,38.56329114,747092626
WU,18.81,10.17,3.5915854,0.51,22.21,18.39,8951609207,694600000,2.22677,12.65,475896289.6,242707107.7,4019997219,880197562.1,1.486956522,707637091.5,0.342982456,4.08043E-09,1.486956522,242707108
WY,33.6,34.29,3.7079954,0.77,37.89,30.9504,26070297960,1365000000,3.6396794,2.9,775901725,597444328.3,7162800647,760288654.4,11.5862069,8989757917,0.066458333,4.87709E-09,11.5862069,597444328
WYN,113.56,18.77,1.9541779,5.53,127.96,80.11,11993835688,1232000000,2.7332082,18.91,105616728.5,584060508.6,4388189560,638989647.7,6.005288207,634258894.1,0.920855055,3.05823E-09,6.005288207,584060509
WYNN,169.28,31.7,1.1279043,7.27,203.63,92.67,18225400525,1501301000,2.478658,51.69,107664228.1,782718938,7352930709,574933770.5,3.274908106,352590453.2,2.219909617,1.9618E-09,3.274908106,782718938
XEC,100.19,26.37,0.30214334,-4.64,136.31,89.49,10089082025,1061056000,7.556446,4.28,100699491.2,-467245639.2,1335162327,382596967.2,23.4088785,2357262155,-0.198215391,7.89717E-10,23.4088785,-467245639
XEL,42.44,18.14,3.3914273,2.21,52.22,41.16,21559611927,3885828000,2.520456,1.94,508002166,1122684787,8553853718,1188512234,21.87628866,11113202024,0.10102262,2.85351E-09,21.87628866,1122684787
XL,41.26,-19.93,2.0952382,-2.24,47.27,33.77,10753423590,0,0.84394187,0.97,260625874.7,-583801959.3,12741900802,-539559638.2,42.53608247,11086003701,-0.052661173,-3.88324E-09,42.53608247,-583801959
XLNX,62.82,27.19,2.0904882,2.32,77.26,54.99,17064975551,845468000,7.101206,7.22,271648767.1,630225139.7,2403109493,627619549.5,8.700831025,2363570021,0.266641197,3.33082E-09,8.700831025,630225140
XOM,76.07,21.37,4.0031195,1.88,89.3,76.05,3.26E+11,39052000000,1.7701944,1.85,4285526489,8056789799,1.84E+11,15255030416,41.11891892,1.76E+11,0.045721046,2.62413E-10,41.11891892,8056789799
XRAY,56.85,22.65,0.60034305,1.99,68.98,52.535,13390513478,-411100000,4.626262,1.8,235541134.2,468726857,2894456362,591192648,31.58333333,7439174154,0.063007916,1.01548E-09,31.58333333,468726857
XRX,29.8,8.87,3.207184,0.59,37.42,26.64,7938833340,1191000000,0.7877656,1.49,266403803.4,157178244,10077659319,895020669.7,20,5328076067,0.0295,3.58336E-09,20,157178244
XYL,70.24,30.94,1.1700794,1.83,76.81,46.86,12915021000,722000000,2.7262094,5.31,183869889,336481896.8,4737354731,417421493.2,13.22787194,2432207345,0.138344248,2.80311E-09,13.22787194,336481897
YUM,76.3,27.25,1.7970798,4.07,86.93,62.85,27003303098,2289000000,6.3136363,212.08,353909608.1,1440412105,4276981095,990946902.7,0.359769898,127326023.7,11.31278637,1.8135E-09,0.359769898,1440412105
ZBH,115.53,14.32,0.7948336,9.01,133.49,108.17,24454698119,2007400000,3.1648953,2.39,211674007.8,1907182810,7726858490,1707730316,48.33891213,10232091263,0.186392279,4.65433E-10,48.33891213,1907182810
ZION,50.71,17.73,1.480933,2.6,55.61,38.43,10670678640,0,3.7945793,1.42,210425530.3,547106378.7,2812084765,601843126.9,35.71126761,7514562423,0.072806153,2.46066E-09,35.71126761,547106379
ZTS,71.51,32.8,0.68237203,1.65,80.13,52,35991109776,1734000000,9.280896,18.09,503301772.8,830447925.2,3877977921,1097289932,3.953012714,1989558307,0.41740316,6.2187E-10,3.953012714,830447925
